id,mz,height,intensity_range:min,intensity_range:max,rt,rt_range:min,rt_range:max,area,mz_range:min,mz_range:max,charge,datafile:PreIS__1100_1500_d171-r001.mzML:mz,datafile:PreIS__1100_1500_d171-r001.mzML:feature_state,datafile:PreIS__1100_1500_d171-r001.mzML:area,datafile:PreIS__1100_1500_d171-r001.mzML:mz_range:min,datafile:PreIS__1100_1500_d171-r001.mzML:mz_range:max,datafile:PreIS__1100_1500_d171-r001.mzML:fwhm,datafile:PreIS__1100_1500_d171-r001.mzML:tailing_factor,datafile:PreIS__1100_1500_d171-r001.mzML:height,datafile:PreIS__1100_1500_d171-r001.mzML:intensity_range:min,datafile:PreIS__1100_1500_d171-r001.mzML:intensity_range:max,datafile:PreIS__1100_1500_d171-r001.mzML:rt,datafile:PreIS__1100_1500_d171-r001.mzML:rt_range:min,datafile:PreIS__1100_1500_d171-r001.mzML:rt_range:max,datafile:PreIS__1100_1500_d171-r001.mzML:asymmetry_factor,datafile:PreIS__1100_1500_d171-r001.mzML:isotopes,datafile:PreIS__1100_1500_d171-r001.mzML:charge,datafile:PreIS__1100_1500_d171-r002.mzML:mz,datafile:PreIS__1100_1500_d171-r002.mzML:feature_state,datafile:PreIS__1100_1500_d171-r002.mzML:area,datafile:PreIS__1100_1500_d171-r002.mzML:mz_range:min,datafile:PreIS__1100_1500_d171-r002.mzML:mz_range:max,datafile:PreIS__1100_1500_d171-r002.mzML:fwhm,datafile:PreIS__1100_1500_d171-r002.mzML:tailing_factor,datafile:PreIS__1100_1500_d171-r002.mzML:height,datafile:PreIS__1100_1500_d171-r002.mzML:intensity_range:min,datafile:PreIS__1100_1500_d171-r002.mzML:intensity_range:max,datafile:PreIS__1100_1500_d171-r002.mzML:rt,datafile:PreIS__1100_1500_d171-r002.mzML:rt_range:min,datafile:PreIS__1100_1500_d171-r002.mzML:rt_range:max,datafile:PreIS__1100_1500_d171-r002.mzML:asymmetry_factor,datafile:PreIS__1100_1500_d171-r002.mzML:isotopes,datafile:PreIS__1100_1500_d171-r002.mzML:charge,datafile:PreIS__750_1150_d171-r001.mzML:mz,datafile:PreIS__750_1150_d171-r001.mzML:feature_state,datafile:PreIS__750_1150_d171-r001.mzML:area,datafile:PreIS__750_1150_d171-r001.mzML:mz_range:min,datafile:PreIS__750_1150_d171-r001.mzML:mz_range:max,datafile:PreIS__750_1150_d171-r001.mzML:fwhm,datafile:PreIS__750_1150_d171-r001.mzML:tailing_factor,datafile:PreIS__750_1150_d171-r001.mzML:height,datafile:PreIS__750_1150_d171-r001.mzML:intensity_range:min,datafile:PreIS__750_1150_d171-r001.mzML:intensity_range:max,datafile:PreIS__750_1150_d171-r001.mzML:rt,datafile:PreIS__750_1150_d171-r001.mzML:rt_range:min,datafile:PreIS__750_1150_d171-r001.mzML:rt_range:max,datafile:PreIS__750_1150_d171-r001.mzML:asymmetry_factor,datafile:PreIS__750_1150_d171-r001.mzML:isotopes,datafile:PreIS__750_1150_d171-r001.mzML:charge,datafile:PreIS__400_800_d171-r002.mzML:mz,datafile:PreIS__400_800_d171-r002.mzML:feature_state,datafile:PreIS__400_800_d171-r002.mzML:area,datafile:PreIS__400_800_d171-r002.mzML:mz_range:min,datafile:PreIS__400_800_d171-r002.mzML:mz_range:max,datafile:PreIS__400_800_d171-r002.mzML:fwhm,datafile:PreIS__400_800_d171-r002.mzML:tailing_factor,datafile:PreIS__400_800_d171-r002.mzML:height,datafile:PreIS__400_800_d171-r002.mzML:intensity_range:min,datafile:PreIS__400_800_d171-r002.mzML:intensity_range:max,datafile:PreIS__400_800_d171-r002.mzML:rt,datafile:PreIS__400_800_d171-r002.mzML:rt_range:min,datafile:PreIS__400_800_d171-r002.mzML:rt_range:max,datafile:PreIS__400_800_d171-r002.mzML:asymmetry_factor,datafile:PreIS__400_800_d171-r002.mzML:isotopes,datafile:PreIS__400_800_d171-r002.mzML:charge,datafile:PreIS__750_1150_d171-r002.mzML:mz,datafile:PreIS__750_1150_d171-r002.mzML:feature_state,datafile:PreIS__750_1150_d171-r002.mzML:area,datafile:PreIS__750_1150_d171-r002.mzML:mz_range:min,datafile:PreIS__750_1150_d171-r002.mzML:mz_range:max,datafile:PreIS__750_1150_d171-r002.mzML:fwhm,datafile:PreIS__750_1150_d171-r002.mzML:tailing_factor,datafile:PreIS__750_1150_d171-r002.mzML:height,datafile:PreIS__750_1150_d171-r002.mzML:intensity_range:min,datafile:PreIS__750_1150_d171-r002.mzML:intensity_range:max,datafile:PreIS__750_1150_d171-r002.mzML:rt,datafile:PreIS__750_1150_d171-r002.mzML:rt_range:min,datafile:PreIS__750_1150_d171-r002.mzML:rt_range:max,datafile:PreIS__750_1150_d171-r002.mzML:asymmetry_factor,datafile:PreIS__750_1150_d171-r002.mzML:isotopes,datafile:PreIS__750_1150_d171-r002.mzML:charge,datafile:PreIS__400_800_d171-r001.mzML:mz,datafile:PreIS__400_800_d171-r001.mzML:feature_state,datafile:PreIS__400_800_d171-r001.mzML:area,datafile:PreIS__400_800_d171-r001.mzML:mz_range:min,datafile:PreIS__400_800_d171-r001.mzML:mz_range:max,datafile:PreIS__400_800_d171-r001.mzML:fwhm,datafile:PreIS__400_800_d171-r001.mzML:tailing_factor,datafile:PreIS__400_800_d171-r001.mzML:height,datafile:PreIS__400_800_d171-r001.mzML:intensity_range:min,datafile:PreIS__400_800_d171-r001.mzML:intensity_range:max,datafile:PreIS__400_800_d171-r001.mzML:rt,datafile:PreIS__400_800_d171-r001.mzML:rt_range:min,datafile:PreIS__400_800_d171-r001.mzML:rt_range:max,datafile:PreIS__400_800_d171-r001.mzML:asymmetry_factor,datafile:PreIS__400_800_d171-r001.mzML:isotopes,datafile:PreIS__400_800_d171-r001.mzML:charge
1,1152.8283,1.0E3,3.8E2,1.0E3,3.09,3.05,3.14,6.0E1,1152.8172,1152.8420,,1152.8283,DETECTED,6.0E1,1152.8172,1152.8420,0.06,1.17,1.0E3,3.8E2,1.0E3,3.09,3.05,3.14,1.33,,,,UNKNOWN,,,,,,,,,,,,,,,,UNKNOWN,,,,,,,,,,,,,,,,UNKNOWN,,,,,,,,,,,,,,,,UNKNOWN,,,,,,,,,,,,,,,,UNKNOWN,,,,,,,,,,,,,,
2,1139.8658,2.5E3,1.7E2,2.5E3,3.42,3.35,3.47,1.5E2,1139.6837,1139.9000,,1139.8658,DETECTED,1.5E2,1139.6837,1139.9000,0.06,0.98,2.5E3,1.7E2,2.5E3,3.42,3.35,3.47,1.07,,,,UNKNOWN,,,,,,,,,,,,,,,,UNKNOWN,,,,,,,,,,,,,,,,UNKNOWN,,,,,,,,,,,,,,,,UNKNOWN,,,,,,,,,,,,,,,,UNKNOWN,,,,,,,,,,,,,,
3,1170.2000,1.2E3,1.2E2,1.2E3,4.25,4.20,4.30,6.7E1,1170.1999,1170.3250,,1170.2000,DETECTED,6.7E1,1170.1999,1170.3250,0.07,1.00,1.2E3,1.2E2,1.2E3,4.25,4.20,4.30,0.94,,,,UNKNOWN,,,,,,,,,,,,,,,,UNKNOWN,,,,,,,,,,,,,,,,UNKNOWN,,,,,,,,,,,,,,,,UNKNOWN,,,,,,,,,,,,,,,,UNKNOWN,,,,,,,,,,,,,,
4,1167.9926,1.0E3,1.3E2,1.0E3,4.30,4.21,4.37,8.5E1,1167.7957,1168.0632,,1167.9926,DETECTED,8.5E1,1167.7957,1168.0632,0.08,0.86,1.0E3,1.3E2,1.0E3,4.30,4.21,4.37,0.82,,,,UNKNOWN,,,,,,,,,,,,,,,,UNKNOWN,,,,,,,,,,,,,,,,UNKNOWN,,,,,,,,,,,,,,,,UNKNOWN,,,,,,,,,,,,,,,,UNKNOWN,,,,,,,,,,,,,,
5,1195.5464,5.6E2,5.4E1,5.6E2,4.94,4.86,4.99,3.9E1,1195.4834,1195.7812,,1195.5464,DETECTED,3.9E1,1195.4834,1195.7812,0.06,0.88,5.6E2,5.4E1,5.6E2,4.94,4.86,4.99,0.80,,,,UNKNOWN,,,,,,,,,,,,,,,,UNKNOWN,,,,,,,,,,,,,,,,UNKNOWN,,,,,,,,,,,,,,,,UNKNOWN,,,,,,,,,,,,,,,,UNKNOWN,,,,,,,,,,,,,,
6,1248.0991,1.4E3,4.7E2,1.4E3,4.99,4.95,5.04,7.9E1,1247.9795,1248.0992,,1248.0991,DETECTED,7.9E1,1247.9795,1248.0992,0.06,1.17,1.4E3,4.7E2,1.4E3,4.99,4.95,5.04,1.33,,,,UNKNOWN,,,,,,,,,,,,,,,,UNKNOWN,,,,,,,,,,,,,,,,UNKNOWN,,,,,,,,,,,,,,,,UNKNOWN,,,,,,,,,,,,,,,,UNKNOWN,,,,,,,,,,,,,,
7,1277.9006,1.7E3,4.9E2,1.7E3,5.16,5.11,5.20,9.8E1,1277.9004,1277.9006,,1277.9006,DETECTED,9.8E1,1277.9004,1277.9006,0.06,0.88,1.7E3,4.9E2,1.7E3,5.16,5.11,5.20,0.75,,,,UNKNOWN,,,,,,,,,,,,,,,,UNKNOWN,,,,,,,,,,,,,,,,UNKNOWN,,,,,,,,,,,,,,,,UNKNOWN,,,,,,,,,,,,,,,,UNKNOWN,,,,,,,,,,,,,,
8,1261.8212,8.5E2,2.4E2,8.5E2,5.25,5.18,5.30,5.8E1,1261.5951,1261.9143,,1261.8212,DETECTED,5.8E1,1261.5951,1261.9143,0.06,0.90,8.5E2,2.4E2,8.5E2,5.25,5.18,5.30,0.80,,,,UNKNOWN,,,,,,,,,,,,,,,,UNKNOWN,,,,,,,,,,,,,,,,UNKNOWN,,,,,,,,,,,,,,,,UNKNOWN,,,,,,,,,,,,,,,,UNKNOWN,,,,,,,,,,,,,,
9,1235.9631,3.1E3,7.9E1,3.1E3,5.28,5.20,5.33,1.8E2,1235.6000,1236.0180,,1235.9631,DETECTED,1.8E2,1235.6000,1236.0180,0.06,0.82,3.1E3,7.9E1,3.1E3,5.28,5.20,5.33,0.71,,,,UNKNOWN,,,,,,,,,,,,,,,,UNKNOWN,,,,,,,,,,,,,,,,UNKNOWN,,,,,,,,,,,,,,,,UNKNOWN,,,,,,,,,,,,,,,,UNKNOWN,,,,,,,,,,,,,,
10,1265.4948,6.1E2,5.1E1,6.1E2,5.38,5.33,5.43,3.6E1,1265.4000,1265.5000,,1265.4948,DETECTED,3.6E1,1265.4000,1265.5000,0.06,1.15,6.1E2,5.1E1,6.1E2,5.38,5.33,5.43,1.35,,,,UNKNOWN,,,,,,,,,,,,,,,,UNKNOWN,,,,,,,,,,,,,,,,UNKNOWN,,,,,,,,,,,,,,,,UNKNOWN,,,,,,,,,,,,,,,,UNKNOWN,,,,,,,,,,,,,,
11,1266.1373,7.8E2,7.9E1,7.8E2,5.38,5.24,5.42,6.6E1,1266.0003,1266.3000,,1266.1373,DETECTED,6.6E1,1266.0003,1266.3000,0.20,0.64,7.8E2,7.9E1,7.8E2,5.38,5.24,5.42,0.75,,,,UNKNOWN,,,,,,,,,,,,,,,,UNKNOWN,,,,,,,,,,,,,,,,UNKNOWN,,,,,,,,,,,,,,,,UNKNOWN,,,,,,,,,,,,,,,,UNKNOWN,,,,,,,,,,,,,,
12,1223.8950,3.1E3,5.1E1,3.1E3,5.41,5.35,5.50,2.0E2,1223.4983,1224.0043,1,1223.8950,DETECTED,2.0E2,1223.4983,1224.0043,0.07,1.13,3.1E3,5.1E1,3.1E3,5.41,5.35,5.50,1.05,2,1,,UNKNOWN,,,,,,,,,,,,,,,,UNKNOWN,,,,,,,,,,,,,,,,UNKNOWN,,,,,,,,,,,,,,,,UNKNOWN,,,,,,,,,,,,,,,,UNKNOWN,,,,,,,,,,,,,,
13,1250.0836,3.9E3,5.1E1,3.9E3,5.42,5.34,5.54,2.8E2,1249.6000,1250.1934,,1250.0836,DETECTED,2.8E2,1249.6000,1250.1934,0.08,0.91,3.9E3,5.1E1,3.9E3,5.42,5.34,5.54,0.78,,,,UNKNOWN,,,,,,,,,,,,,,,,UNKNOWN,,,,,,,,,,,,,,,,UNKNOWN,,,,,,,,,,,,,,,,UNKNOWN,,,,,,,,,,,,,,,,UNKNOWN,,,,,,,,,,,,,,
14,1263.8099,1.5E3,7.8E1,1.5E3,5.70,5.64,5.77,9.5E1,1263.7378,1263.9006,,1263.8099,DETECTED,9.5E1,1263.7378,1263.9006,0.07,1.12,1.5E3,7.8E1,1.5E3,5.70,5.64,5.77,1.15,,,,UNKNOWN,,,,,,,,,,,,,,,,UNKNOWN,,,,,,,,,,,,,,,,UNKNOWN,,,,,,,,,,,,,,,,UNKNOWN,,,,,,,,,,,,,,,,UNKNOWN,,,,,,,,,,,,,,
15,1265.3024,1.3E3,5.0E1,1.3E3,5.70,5.67,5.77,8.0E1,1265.2993,1265.6000,,1265.3024,DETECTED,8.0E1,1265.2993,1265.6000,0.06,1.33,1.3E3,5.0E1,1.3E3,5.70,5.67,5.77,1.40,,,,UNKNOWN,,,,,,,,,,,,,,,,UNKNOWN,,,,,,,,,,,,,,,,UNKNOWN,,,,,,,,,,,,,,,,UNKNOWN,,,,,,,,,,,,,,,,UNKNOWN,,,,,,,,,,,,,,
16,1252.2338,2.4E3,5.2E1,2.4E3,5.89,5.80,5.94,1.5E2,1251.6000,1252.7059,,1252.2338,DETECTED,1.5E2,1251.6000,1252.7059,0.06,0.94,2.4E3,5.2E1,2.4E3,5.89,5.80,5.94,0.83,,,,UNKNOWN,,,,,,,,,,,,,,,,UNKNOWN,,,,,,,,,,,,,,,,UNKNOWN,,,,,,,,,,,,,,,,UNKNOWN,,,,,,,,,,,,,,,,UNKNOWN,,,,,,,,,,,,,,
17,1253.0865,1.1E3,3.2E2,1.1E3,5.94,5.89,5.99,7.3E1,1253.0000,1253.2802,,1253.0865,DETECTED,7.3E1,1253.0000,1253.2802,0.06,1.00,1.1E3,3.2E2,1.1E3,5.94,5.89,5.99,1.00,,,,UNKNOWN,,,,,,,,,,,,,,,,UNKNOWN,,,,,,,,,,,,,,,,UNKNOWN,,,,,,,,,,,,,,,,UNKNOWN,,,,,,,,,,,,,,,,UNKNOWN,,,,,,,,,,,,,,
18,1130.4998,8.7E2,2.2E2,8.7E2,6.15,6.09,6.19,4.9E1,1130.3187,1130.5000,,1130.4998,DETECTED,4.9E1,1130.3187,1130.5000,0.06,0.87,8.7E2,2.2E2,8.7E2,6.15,6.09,6.19,0.75,,,,UNKNOWN,,,,,,,,,,,,,,,,UNKNOWN,,,,,,,,,,,,,,,,UNKNOWN,,,,,,,,,,,,,,,,UNKNOWN,,,,,,,,,,,,,,,,UNKNOWN,,,,,,,,,,,,,,
19,1133.0001,1.3E3,2.8E2,1.3E3,6.45,6.39,6.48,7.4E1,1132.7813,1133.0002,,1133.0001,DETECTED,7.4E1,1132.7813,1133.0002,0.07,0.88,1.3E3,2.8E2,1.3E3,6.45,6.39,6.48,0.75,,,,UNKNOWN,,,,,,,,,,,,,,,,UNKNOWN,,,,,,,,,,,,,,,,UNKNOWN,,,,,,,,,,,,,,,,UNKNOWN,,,,,,,,,,,,,,,,UNKNOWN,,,,,,,,,,,,,,
20,1107.8714,9.2E2,3.3E2,9.2E2,6.70,6.67,6.76,5.3E1,1107.8704,1107.8721,,1107.8714,DETECTED,5.3E1,1107.8704,1107.8721,0.06,1.17,9.2E2,3.3E2,9.2E2,6.70,6.67,6.76,1.33,,,,UNKNOWN,,,,,,,,,,,,,,,,UNKNOWN,,,,,,,,,,,,,,,,UNKNOWN,,,,,,,,,,,,,,,,UNKNOWN,,,,,,,,,,,,,,,,UNKNOWN,,,,,,,,,,,,,,
21,1134.9858,1.3E3,5.3E1,1.3E3,7.17,7.12,7.25,7.8E1,1134.4000,1135.0001,,1134.9858,DETECTED,7.8E1,1134.4000,1135.0001,0.06,0.87,1.3E3,5.3E1,1.3E3,7.17,7.12,7.25,0.71,,,,UNKNOWN,,,,,,,,,,,,,,,,UNKNOWN,,,,,,,,,,,,,,,,UNKNOWN,,,,,,,,,,,,,,,,UNKNOWN,,,,,,,,,,,,,,,,UNKNOWN,,,,,,,,,,,,,,
22,1139.8603,4.7E3,5.1E1,4.7E3,3.38,3.31,3.47,3.0E2,1139.3000,1140.0000,,,UNKNOWN,,,,,,,,,,,,,,,1139.8603,DETECTED,3.0E2,1139.3000,1140.0000,0.06,1.10,4.7E3,5.1E1,4.7E3,3.38,3.31,3.47,1.14,,,,UNKNOWN,,,,,,,,,,,,,,,,UNKNOWN,,,,,,,,,,,,,,,,UNKNOWN,,,,,,,,,,,,,,,,UNKNOWN,,,,,,,,,,,,,,
23,1180.8036,5.1E2,5.1E1,5.1E2,4.05,3.98,4.11,3.1E1,1180.7998,1181.0392,,,UNKNOWN,,,,,,,,,,,,,,,1180.8036,DETECTED,3.1E1,1180.7998,1181.0392,0.06,0.83,5.1E2,5.1E1,5.1E2,4.05,3.98,4.11,0.79,,,,UNKNOWN,,,,,,,,,,,,,,,,UNKNOWN,,,,,,,,,,,,,,,,UNKNOWN,,,,,,,,,,,,,,,,UNKNOWN,,,,,,,,,,,,,,
24,1169.1994,2.0E3,3.7E2,2.0E3,4.26,4.21,4.31,1.1E2,1169.1994,1169.1995,,,UNKNOWN,,,,,,,,,,,,,,,1169.1994,DETECTED,1.1E2,1169.1994,1169.1995,0.06,1.00,2.0E3,3.7E2,2.0E3,4.26,4.21,4.31,0.81,,,,UNKNOWN,,,,,,,,,,,,,,,,UNKNOWN,,,,,,,,,,,,,,,,UNKNOWN,,,,,,,,,,,,,,,,UNKNOWN,,,,,,,,,,,,,,
25,1252.0993,1.7E3,5.0E2,1.7E3,5.13,5.09,5.18,9.4E1,1252.0990,1252.1438,,,UNKNOWN,,,,,,,,,,,,,,,1252.0993,DETECTED,9.4E1,1252.0990,1252.1438,0.06,1.17,1.7E3,5.0E2,1.7E3,5.13,5.09,5.18,1.33,,,,UNKNOWN,,,,,,,,,,,,,,,,UNKNOWN,,,,,,,,,,,,,,,,UNKNOWN,,,,,,,,,,,,,,,,UNKNOWN,,,,,,,,,,,,,,
26,1235.9794,1.9E3,5.9E1,1.9E3,5.25,5.20,5.34,1.2E2,1235.9725,1236.0668,,,UNKNOWN,,,,,,,,,,,,,,,1235.9794,DETECTED,1.2E2,1235.9725,1236.0668,0.06,1.12,1.9E3,5.9E1,1.9E3,5.25,5.20,5.34,0.97,,,,UNKNOWN,,,,,,,,,,,,,,,,UNKNOWN,,,,,,,,,,,,,,,,UNKNOWN,,,,,,,,,,,,,,,,UNKNOWN,,,,,,,,,,,,,,
27,1262.6082,1.1E3,9.0E1,1.1E3,5.25,5.20,5.30,6.3E1,1262.5983,1263.0903,,,UNKNOWN,,,,,,,,,,,,,,,1262.6082,DETECTED,6.3E1,1262.5983,1263.0903,0.06,0.89,1.1E3,9.0E1,1.1E3,5.25,5.20,5.30,0.74,,,,UNKNOWN,,,,,,,,,,,,,,,,UNKNOWN,,,,,,,,,,,,,,,,UNKNOWN,,,,,,,,,,,,,,,,UNKNOWN,,,,,,,,,,,,,,
28,1223.9148,1.0E3,7.7E1,1.0E3,5.42,5.35,5.52,7.8E1,1223.7000,1224.0873,1,,UNKNOWN,,,,,,,,,,,,,,,1223.9148,DETECTED,7.8E1,1223.7000,1224.0873,0.07,1.47,1.0E3,7.7E1,1.0E3,5.42,5.35,5.52,1.85,2,1,,UNKNOWN,,,,,,,,,,,,,,,,UNKNOWN,,,,,,,,,,,,,,,,UNKNOWN,,,,,,,,,,,,,,,,UNKNOWN,,,,,,,,,,,,,,
29,1223.9148,1.0E3,7.7E1,1.0E3,5.42,5.35,5.52,7.8E1,1223.7000,1224.0873,1,,UNKNOWN,,,,,,,,,,,,,,,1223.9148,DETECTED,7.8E1,1223.7000,1224.0873,0.07,1.47,1.0E3,7.7E1,1.0E3,5.42,5.35,5.52,1.85,2,1,,UNKNOWN,,,,,,,,,,,,,,,,UNKNOWN,,,,,,,,,,,,,,,,UNKNOWN,,,,,,,,,,,,,,,,UNKNOWN,,,,,,,,,,,,,,
30,1250.0705,1.3E3,1.9E2,1.3E3,5.42,5.35,5.48,8.2E1,1250.0326,1250.2542,,,UNKNOWN,,,,,,,,,,,,,,,1250.0705,DETECTED,8.2E1,1250.0326,1250.2542,0.06,1.00,1.3E3,1.9E2,1.3E3,5.42,5.35,5.48,0.97,,,,UNKNOWN,,,,,,,,,,,,,,,,UNKNOWN,,,,,,,,,,,,,,,,UNKNOWN,,,,,,,,,,,,,,,,UNKNOWN,,,,,,,,,,,,,,
31,1265.0886,5.1E2,5.2E1,5.1E2,5.72,5.67,5.76,3.0E1,1264.6000,1265.0999,,,UNKNOWN,,,,,,,,,,,,,,,1265.0886,DETECTED,3.0E1,1264.6000,1265.0999,0.06,0.87,5.1E2,5.2E1,5.1E2,5.72,5.67,5.76,0.75,,,,UNKNOWN,,,,,,,,,,,,,,,,UNKNOWN,,,,,,,,,,,,,,,,UNKNOWN,,,,,,,,,,,,,,,,UNKNOWN,,,,,,,,,,,,,,
32,1251.9664,3.1E3,5.2E1,3.1E3,5.89,5.82,5.94,2.0E2,1251.8998,1252.2000,,,UNKNOWN,,,,,,,,,,,,,,,1251.9664,DETECTED,2.0E2,1251.8998,1252.2000,0.06,0.90,3.1E3,5.2E1,3.1E3,5.89,5.82,5.94,0.88,,,,UNKNOWN,,,,,,,,,,,,,,,,UNKNOWN,,,,,,,,,,,,,,,,UNKNOWN,,,,,,,,,,,,,,,,UNKNOWN,,,,,,,,,,,,,,
33,1106.7913,1.3E3,5.0E1,1.3E3,6.70,6.61,6.76,7.9E1,1106.5000,1106.8000,,,UNKNOWN,,,,,,,,,,,,,,,1106.7913,DETECTED,7.9E1,1106.5000,1106.8000,0.06,0.51,1.3E3,5.0E1,1.3E3,6.70,6.61,6.76,0.00,,,,UNKNOWN,,,,,,,,,,,,,,,,UNKNOWN,,,,,,,,,,,,,,,,UNKNOWN,,,,,,,,,,,,,,,,UNKNOWN,,,,,,,,,,,,,,
34,1134.7013,1.2E3,5.0E1,1.2E3,7.16,7.12,7.22,7.2E1,1134.3868,1134.8000,,,UNKNOWN,,,,,,,,,,,,,,,1134.7013,DETECTED,7.2E1,1134.3868,1134.8000,0.06,1.16,1.2E3,5.0E1,1.2E3,7.16,7.12,7.22,1.27,,,,UNKNOWN,,,,,,,,,,,,,,,,UNKNOWN,,,,,,,,,,,,,,,,UNKNOWN,,,,,,,,,,,,,,,,UNKNOWN,,,,,,,,,,,,,,
35,1299.3997,1.4E3,3.9E2,1.4E3,8.49,8.45,8.54,8.1E1,1299.3996,1299.3999,,,UNKNOWN,,,,,,,,,,,,,,,1299.3997,DETECTED,8.1E1,1299.3996,1299.3999,0.06,1.17,1.4E3,3.9E2,1.4E3,8.49,8.45,8.54,1.33,,,,UNKNOWN,,,,,,,,,,,,,,,,UNKNOWN,,,,,,,,,,,,,,,,UNKNOWN,,,,,,,,,,,,,,,,UNKNOWN,,,,,,,,,,,,,,
36,1139.7729,2.7E3,4.9E2,2.7E3,3.40,3.35,3.49,2.1E2,1139.6851,1139.9005,,,UNKNOWN,,,,,,,,,,,,,,,,UNKNOWN,,,,,,,,,,,,,,,1139.7729,DETECTED,2.1E2,1139.6851,1139.9005,0.08,1.38,2.7E3,4.9E2,2.7E3,3.40,3.35,3.49,2.02,,,,UNKNOWN,,,,,,,,,,,,,,,,UNKNOWN,,,,,,,,,,,,,,,,UNKNOWN,,,,,,,,,,,,,,
37,1010.6970,3.4E3,1.3E2,3.4E3,4.97,4.89,5.04,2.1E2,1010.4427,1010.7220,1,,UNKNOWN,,,,,,,,,,,,,,,,UNKNOWN,,,,,,,,,,,,,,,1010.6970,DETECTED,2.1E2,1010.4427,1010.7220,0.06,0.86,3.4E3,1.3E2,3.4E3,4.97,4.89,5.04,0.62,2,1,,UNKNOWN,,,,,,,,,,,,,,,,UNKNOWN,,,,,,,,,,,,,,,,UNKNOWN,,,,,,,,,,,,,,
38,860.7317,4.2E3,5.5E1,4.2E3,4.99,4.92,5.09,2.8E2,860.6014,861.0000,1,,UNKNOWN,,,,,,,,,,,,,,,,UNKNOWN,,,,,,,,,,,,,,,860.7317,DETECTED,2.8E2,860.6014,861.0000,0.06,1.29,4.2E3,5.5E1,4.2E3,4.99,4.92,5.09,1.64,2,1,,UNKNOWN,,,,,,,,,,,,,,,,UNKNOWN,,,,,,,,,,,,,,,,UNKNOWN,,,,,,,,,,,,,,
39,848.6669,1.7E4,2.4E2,1.7E4,5.26,5.14,5.35,1.2E3,848.2001,849.1001,1,,UNKNOWN,,,,,,,,,,,,,,,,UNKNOWN,,,,,,,,,,,,,,,848.6669,DETECTED,1.2E3,848.2001,849.1001,0.07,0.93,1.7E4,2.4E2,1.7E4,5.26,5.14,5.35,0.97,2,1,,UNKNOWN,,,,,,,,,,,,,,,,UNKNOWN,,,,,,,,,,,,,,,,UNKNOWN,,,,,,,,,,,,,,
40,830.6512,1.0E3,2.8E2,1.0E3,5.28,5.22,5.32,6.6E1,830.5777,831.0144,,,UNKNOWN,,,,,,,,,,,,,,,,UNKNOWN,,,,,,,,,,,,,,,830.6512,DETECTED,6.6E1,830.5777,831.0144,0.06,0.80,1.0E3,2.8E2,1.0E3,5.28,5.22,5.32,0.60,,,,UNKNOWN,,,,,,,,,,,,,,,,UNKNOWN,,,,,,,,,,,,,,,,UNKNOWN,,,,,,,,,,,,,,
41,786.4346,1.1E3,9.9E1,1.1E3,5.41,5.36,5.47,6.6E1,786.4296,786.8989,,,UNKNOWN,,,,,,,,,,,,,,,,UNKNOWN,,,,,,,,,,,,,,,786.4346,DETECTED,6.6E1,786.4296,786.8989,0.06,0.89,1.1E3,9.9E1,1.1E3,5.41,5.36,5.47,0.74,,,,UNKNOWN,,,,,,,,,,,,,,,,UNKNOWN,,,,,,,,,,,,,,,,UNKNOWN,,,,,,,,,,,,,,
42,932.6983,1.2E3,3.0E2,1.2E3,5.43,5.38,5.47,6.7E1,932.6966,932.7745,,,UNKNOWN,,,,,,,,,,,,,,,,UNKNOWN,,,,,,,,,,,,,,,932.6983,DETECTED,6.7E1,932.6966,932.7745,0.06,0.88,1.2E3,3.0E2,1.2E3,5.43,5.38,5.47,0.75,,,,UNKNOWN,,,,,,,,,,,,,,,,UNKNOWN,,,,,,,,,,,,,,,,UNKNOWN,,,,,,,,,,,,,,
43,783.0001,7.7E2,2.5E2,7.7E2,5.63,5.58,5.67,4.4E1,782.6428,783.0003,,,UNKNOWN,,,,,,,,,,,,,,,,UNKNOWN,,,,,,,,,,,,,,,783.0001,DETECTED,4.4E1,782.6428,783.0003,0.06,0.88,7.7E2,2.5E2,7.7E2,5.63,5.58,5.67,0.75,,,,UNKNOWN,,,,,,,,,,,,,,,,UNKNOWN,,,,,,,,,,,,,,,,UNKNOWN,,,,,,,,,,,,,,
44,1038.5998,5.7E2,2.3E2,5.7E2,5.70,5.65,5.74,3.4E1,1038.5997,1038.5999,,,UNKNOWN,,,,,,,,,,,,,,,,UNKNOWN,,,,,,,,,,,,,,,1038.5998,DETECTED,3.4E1,1038.5997,1038.5999,0.06,0.88,5.7E2,2.3E2,5.7E2,5.70,5.65,5.74,0.75,,,,UNKNOWN,,,,,,,,,,,,,,,,UNKNOWN,,,,,,,,,,,,,,,,UNKNOWN,,,,,,,,,,,,,,
45,852.5999,7.2E2,1.7E2,7.2E2,5.74,5.69,5.78,4.1E1,852.5745,852.6000,,,UNKNOWN,,,,,,,,,,,,,,,,UNKNOWN,,,,,,,,,,,,,,,852.5999,DETECTED,4.1E1,852.5745,852.6000,0.06,0.88,7.2E2,1.7E2,7.2E2,5.74,5.69,5.78,0.75,,,,UNKNOWN,,,,,,,,,,,,,,,,UNKNOWN,,,,,,,,,,,,,,,,UNKNOWN,,,,,,,,,,,,,,
46,854.4001,1.0E3,3.5E2,1.0E3,5.74,5.69,5.78,5.9E1,853.9441,854.4001,,,UNKNOWN,,,,,,,,,,,,,,,,UNKNOWN,,,,,,,,,,,,,,,854.4001,DETECTED,5.9E1,853.9441,854.4001,0.06,0.88,1.0E3,3.5E2,1.0E3,5.74,5.69,5.78,0.75,,,,UNKNOWN,,,,,,,,,,,,,,,,UNKNOWN,,,,,,,,,,,,,,,,UNKNOWN,,,,,,,,,,,,,,
47,810.7980,5.9E2,2.3E2,5.9E2,5.78,5.73,5.82,3.5E1,810.6759,810.7987,1,,UNKNOWN,,,,,,,,,,,,,,,,UNKNOWN,,,,,,,,,,,,,,,810.7980,DETECTED,3.5E1,810.6759,810.7987,0.06,0.88,5.9E2,2.3E2,5.9E2,5.78,5.73,5.82,0.75,2,1,,UNKNOWN,,,,,,,,,,,,,,,,UNKNOWN,,,,,,,,,,,,,,,,UNKNOWN,,,,,,,,,,,,,,
48,810.7980,5.9E2,2.3E2,5.9E2,5.78,5.73,5.82,3.5E1,810.6759,810.7987,1,,UNKNOWN,,,,,,,,,,,,,,,,UNKNOWN,,,,,,,,,,,,,,,810.7980,DETECTED,3.5E1,810.6759,810.7987,0.06,0.88,5.9E2,2.3E2,5.9E2,5.78,5.73,5.82,0.75,2,1,,UNKNOWN,,,,,,,,,,,,,,,,UNKNOWN,,,,,,,,,,,,,,,,UNKNOWN,,,,,,,,,,,,,,
49,814.4997,2.2E3,4.8E2,2.2E3,5.80,5.76,5.86,1.2E2,814.2566,814.4998,,,UNKNOWN,,,,,,,,,,,,,,,,UNKNOWN,,,,,,,,,,,,,,,814.4997,DETECTED,1.2E2,814.2566,814.4998,0.07,1.17,2.2E3,4.8E2,2.2E3,5.80,5.76,5.86,1.33,,,,UNKNOWN,,,,,,,,,,,,,,,,UNKNOWN,,,,,,,,,,,,,,,,UNKNOWN,,,,,,,,,,,,,,
50,1132.9037,7.2E2,5.1E1,7.2E2,6.69,6.63,6.74,4.2E1,1132.9000,1133.1000,,,UNKNOWN,,,,,,,,,,,,,,,,UNKNOWN,,,,,,,,,,,,,,,1132.9037,DETECTED,4.2E1,1132.9000,1133.1000,0.06,1.16,7.2E2,5.1E1,7.2E2,6.69,6.63,6.74,1.37,,,,UNKNOWN,,,,,,,,,,,,,,,,UNKNOWN,,,,,,,,,,,,,,,,UNKNOWN,,,,,,,,,,,,,,
51,944.9663,1.6E3,5.2E1,1.6E3,6.89,6.80,6.95,1.0E2,944.7988,944.9992,1,,UNKNOWN,,,,,,,,,,,,,,,,UNKNOWN,,,,,,,,,,,,,,,944.9663,DETECTED,1.0E2,944.7988,944.9992,0.06,0.93,1.6E3,5.2E1,1.6E3,6.89,6.80,6.95,1.03,2,1,,UNKNOWN,,,,,,,,,,,,,,,,UNKNOWN,,,,,,,,,,,,,,,,UNKNOWN,,,,,,,,,,,,,,
52,970.5597,2.2E3,1.1E2,2.2E3,6.89,6.78,6.95,1.5E2,970.4960,970.6005,,,UNKNOWN,,,,,,,,,,,,,,,,UNKNOWN,,,,,,,,,,,,,,,970.5597,DETECTED,1.5E2,970.4960,970.6005,0.06,0.75,2.2E3,1.1E2,2.2E3,6.89,6.78,6.95,0.53,,,,UNKNOWN,,,,,,,,,,,,,,,,UNKNOWN,,,,,,,,,,,,,,,,UNKNOWN,,,,,,,,,,,,,,
53,958.6994,1.1E3,3.5E2,1.1E3,7.01,6.96,7.05,6.5E1,958.6990,958.8569,,,UNKNOWN,,,,,,,,,,,,,,,,UNKNOWN,,,,,,,,,,,,,,,958.6994,DETECTED,6.5E1,958.6990,958.8569,0.06,0.88,1.1E3,3.5E2,1.1E3,7.01,6.96,7.05,0.75,,,,UNKNOWN,,,,,,,,,,,,,,,,UNKNOWN,,,,,,,,,,,,,,,,UNKNOWN,,,,,,,,,,,,,,
54,808.3968,2.1E3,5.6E1,2.1E3,7.15,7.10,7.21,1.2E2,808.3956,808.5056,,,UNKNOWN,,,,,,,,,,,,,,,,UNKNOWN,,,,,,,,,,,,,,,808.3968,DETECTED,1.2E2,808.3956,808.5056,0.06,1.18,2.1E3,5.6E1,2.1E3,7.15,7.10,7.21,1.41,,,,UNKNOWN,,,,,,,,,,,,,,,,UNKNOWN,,,,,,,,,,,,,,,,UNKNOWN,,,,,,,,,,,,,,
55,782.6004,4.8E3,5.2E1,4.8E3,7.18,7.11,7.24,2.9E2,782.3897,782.6428,1,,UNKNOWN,,,,,,,,,,,,,,,,UNKNOWN,,,,,,,,,,,,,,,782.6004,DETECTED,2.9E2,782.3897,782.6428,0.06,1.04,4.8E3,5.2E1,4.8E3,7.18,7.11,7.24,1.27,2,1,,UNKNOWN,,,,,,,,,,,,,,,,UNKNOWN,,,,,,,,,,,,,,,,UNKNOWN,,,,,,,,,,,,,,
56,794.2013,1.9E3,5.0E1,1.9E3,7.21,7.17,7.27,1.1E2,794.2000,794.5048,,,UNKNOWN,,,,,,,,,,,,,,,,UNKNOWN,,,,,,,,,,,,,,,794.2013,DETECTED,1.1E2,794.2000,794.5048,0.06,1.15,1.9E3,5.0E1,1.9E3,7.21,7.17,7.27,1.23,,,,UNKNOWN,,,,,,,,,,,,,,,,UNKNOWN,,,,,,,,,,,,,,,,UNKNOWN,,,,,,,,,,,,,,
57,813.8002,8.8E2,2.9E2,8.8E2,7.28,7.24,7.34,5.0E1,813.8001,814.2566,,,UNKNOWN,,,,,,,,,,,,,,,,UNKNOWN,,,,,,,,,,,,,,,813.8002,DETECTED,5.0E1,813.8001,814.2566,0.06,1.17,8.8E2,2.9E2,8.8E2,7.28,7.24,7.34,1.33,,,,UNKNOWN,,,,,,,,,,,,,,,,UNKNOWN,,,,,,,,,,,,,,,,UNKNOWN,,,,,,,,,,,,,,
58,778.6590,1.7E3,6.3E1,1.7E3,7.35,7.28,7.47,1.9E2,778.5052,778.8141,,,UNKNOWN,,,,,,,,,,,,,,,,UNKNOWN,,,,,,,,,,,,,,,778.6590,DETECTED,1.9E2,778.5052,778.8141,0.06,1.64,1.7E3,6.3E1,1.7E3,7.35,7.28,7.47,2.37,,,,UNKNOWN,,,,,,,,,,,,,,,,UNKNOWN,,,,,,,,,,,,,,,,UNKNOWN,,,,,,,,,,,,,,
59,796.5476,4.9E3,6.7E1,4.9E3,7.35,7.28,7.47,3.2E2,796.3000,796.8960,,,UNKNOWN,,,,,,,,,,,,,,,,UNKNOWN,,,,,,,,,,,,,,,796.5476,DETECTED,3.2E2,796.3000,796.8960,0.06,1.41,4.9E3,6.7E1,4.9E3,7.35,7.28,7.47,2.00,,,,UNKNOWN,,,,,,,,,,,,,,,,UNKNOWN,,,,,,,,,,,,,,,,UNKNOWN,,,,,,,,,,,,,,
60,753.7998,1.1E3,2.8E2,1.1E3,7.36,7.32,7.41,6.2E1,753.7990,753.8854,,,UNKNOWN,,,,,,,,,,,,,,,,UNKNOWN,,,,,,,,,,,,,,,753.7998,DETECTED,6.2E1,753.7990,753.8854,0.06,1.17,1.1E3,2.8E2,1.1E3,7.36,7.32,7.41,1.33,,,,UNKNOWN,,,,,,,,,,,,,,,,UNKNOWN,,,,,,,,,,,,,,,,UNKNOWN,,,,,,,,,,,,,,
61,972.8063,3.0E3,1.1E2,3.0E3,7.36,7.30,7.41,1.8E2,972.7373,972.8856,,,UNKNOWN,,,,,,,,,,,,,,,,UNKNOWN,,,,,,,,,,,,,,,972.8063,DETECTED,1.8E2,972.7373,972.8856,0.06,1.01,3.0E3,1.1E2,3.0E3,7.36,7.30,7.41,1.26,,,,UNKNOWN,,,,,,,,,,,,,,,,UNKNOWN,,,,,,,,,,,,,,,,UNKNOWN,,,,,,,,,,,,,,
62,752.4046,1.8E3,1.6E2,1.8E3,7.37,7.32,7.43,1.0E2,752.3998,752.6520,,,UNKNOWN,,,,,,,,,,,,,,,,UNKNOWN,,,,,,,,,,,,,,,752.4046,DETECTED,1.0E2,752.3998,752.6520,0.07,0.89,1.8E3,1.6E2,1.8E3,7.37,7.32,7.43,0.74,,,,UNKNOWN,,,,,,,,,,,,,,,,UNKNOWN,,,,,,,,,,,,,,,,UNKNOWN,,,,,,,,,,,,,,
63,770.7318,2.4E3,5.2E1,2.4E3,7.37,7.31,7.44,1.7E2,770.5314,770.8994,1,,UNKNOWN,,,,,,,,,,,,,,,,UNKNOWN,,,,,,,,,,,,,,,770.7318,DETECTED,1.7E2,770.5314,770.8994,0.08,1.14,2.4E3,5.2E1,2.4E3,7.37,7.31,7.44,1.11,2,1,,UNKNOWN,,,,,,,,,,,,,,,,UNKNOWN,,,,,,,,,,,,,,,,UNKNOWN,,,,,,,,,,,,,,
64,809.6005,1.0E3,3.3E2,1.0E3,7.53,7.48,7.57,6.0E1,809.4919,809.6011,,,UNKNOWN,,,,,,,,,,,,,,,,UNKNOWN,,,,,,,,,,,,,,,809.6005,DETECTED,6.0E1,809.4919,809.6011,0.06,0.88,1.0E3,3.3E2,1.0E3,7.53,7.48,7.57,0.75,,,,UNKNOWN,,,,,,,,,,,,,,,,UNKNOWN,,,,,,,,,,,,,,,,UNKNOWN,,,,,,,,,,,,,,
65,766.7883,4.6E3,4.7E2,4.6E3,7.62,7.57,7.69,2.8E2,766.2988,766.8024,,,UNKNOWN,,,,,,,,,,,,,,,,UNKNOWN,,,,,,,,,,,,,,,766.7883,DETECTED,2.8E2,766.2988,766.8024,0.06,1.12,4.6E3,4.7E2,4.6E3,7.62,7.57,7.69,1.21,,,,UNKNOWN,,,,,,,,,,,,,,,,UNKNOWN,,,,,,,,,,,,,,,,UNKNOWN,,,,,,,,,,,,,,
66,784.4773,4.2E3,2.1E2,4.2E3,7.63,7.56,7.70,2.9E2,784.4190,784.6993,,,UNKNOWN,,,,,,,,,,,,,,,,UNKNOWN,,,,,,,,,,,,,,,784.4773,DETECTED,2.9E2,784.4190,784.6993,0.07,0.92,4.2E3,2.1E2,4.2E3,7.63,7.56,7.70,0.87,,,,UNKNOWN,,,,,,,,,,,,,,,,UNKNOWN,,,,,,,,,,,,,,,,UNKNOWN,,,,,,,,,,,,,,
67,810.7053,4.3E3,5.2E1,4.3E3,7.65,7.58,7.76,3.4E2,810.3000,810.9162,1,,UNKNOWN,,,,,,,,,,,,,,,,UNKNOWN,,,,,,,,,,,,,,,810.7053,DETECTED,3.4E2,810.3000,810.9162,0.08,1.17,4.3E3,5.2E1,4.3E3,7.65,7.58,7.76,1.46,2,1,,UNKNOWN,,,,,,,,,,,,,,,,UNKNOWN,,,,,,,,,,,,,,,,UNKNOWN,,,,,,,,,,,,,,
68,786.7047,1.5E3,5.2E1,1.5E3,7.67,7.63,7.73,8.7E1,786.7001,787.3000,,,UNKNOWN,,,,,,,,,,,,,,,,UNKNOWN,,,,,,,,,,,,,,,786.7047,DETECTED,8.7E1,786.7001,787.3000,0.06,1.17,1.5E3,5.2E1,1.5E3,7.67,7.63,7.73,1.33,,,,UNKNOWN,,,,,,,,,,,,,,,,UNKNOWN,,,,,,,,,,,,,,,,UNKNOWN,,,,,,,,,,,,,,
69,792.8553,6.3E2,1.4E2,6.3E2,7.70,7.61,7.75,5.2E1,792.7866,792.9999,,,UNKNOWN,,,,,,,,,,,,,,,,UNKNOWN,,,,,,,,,,,,,,,792.8553,DETECTED,5.2E1,792.7866,792.9999,0.15,0.79,6.3E2,1.4E2,6.3E2,7.70,7.61,7.75,0.57,,,,UNKNOWN,,,,,,,,,,,,,,,,UNKNOWN,,,,,,,,,,,,,,,,UNKNOWN,,,,,,,,,,,,,,
70,796.8958,2.4E3,2.0E2,2.4E3,7.74,7.69,7.79,1.4E2,796.5541,797.0000,,,UNKNOWN,,,,,,,,,,,,,,,,UNKNOWN,,,,,,,,,,,,,,,796.8958,DETECTED,1.4E2,796.5541,797.0000,0.06,1.15,2.4E3,2.0E2,2.4E3,7.74,7.69,7.79,1.35,,,,UNKNOWN,,,,,,,,,,,,,,,,UNKNOWN,,,,,,,,,,,,,,,,UNKNOWN,,,,,,,,,,,,,,
71,797.5831,7.9E2,2.7E2,7.9E2,7.87,7.83,7.92,4.6E1,797.5765,797.6312,1,,UNKNOWN,,,,,,,,,,,,,,,,UNKNOWN,,,,,,,,,,,,,,,797.5831,DETECTED,4.6E1,797.5765,797.6312,0.06,1.17,7.9E2,2.7E2,7.9E2,7.87,7.83,7.92,1.33,3,1,,UNKNOWN,,,,,,,,,,,,,,,,UNKNOWN,,,,,,,,,,,,,,,,UNKNOWN,,,,,,,,,,,,,,
72,797.5831,7.9E2,2.7E2,7.9E2,7.87,7.83,7.92,4.6E1,797.5765,797.6312,1,,UNKNOWN,,,,,,,,,,,,,,,,UNKNOWN,,,,,,,,,,,,,,,797.5831,DETECTED,4.6E1,797.5765,797.6312,0.06,1.17,7.9E2,2.7E2,7.9E2,7.87,7.83,7.92,1.33,3,1,,UNKNOWN,,,,,,,,,,,,,,,,UNKNOWN,,,,,,,,,,,,,,,,UNKNOWN,,,,,,,,,,,,,,
73,780.6670,2.8E3,5.0E1,2.8E3,7.88,7.80,7.95,1.9E2,780.4000,780.8000,,,UNKNOWN,,,,,,,,,,,,,,,,UNKNOWN,,,,,,,,,,,,,,,780.6670,DETECTED,1.9E2,780.4000,780.8000,0.06,0.87,2.8E3,5.0E1,2.8E3,7.88,7.80,7.95,0.79,,,,UNKNOWN,,,,,,,,,,,,,,,,UNKNOWN,,,,,,,,,,,,,,,,UNKNOWN,,,,,,,,,,,,,,
74,799.5429,3.5E3,3.0E2,3.5E3,8.26,8.21,8.34,2.3E2,799.5198,799.7005,1,,UNKNOWN,,,,,,,,,,,,,,,,UNKNOWN,,,,,,,,,,,,,,,799.5429,DETECTED,2.3E2,799.5198,799.7005,0.06,1.25,3.5E3,3.0E2,3.5E3,8.26,8.21,8.34,5.64,2,1,,UNKNOWN,,,,,,,,,,,,,,,,UNKNOWN,,,,,,,,,,,,,,,,UNKNOWN,,,,,,,,,,,,,,
75,821.8001,1.6E3,3.2E2,1.6E3,8.30,8.24,8.34,9.0E1,821.5667,821.8005,1,,UNKNOWN,,,,,,,,,,,,,,,,UNKNOWN,,,,,,,,,,,,,,,821.8001,DETECTED,9.0E1,821.5667,821.8005,0.07,0.87,1.6E3,3.2E2,1.6E3,8.30,8.24,8.34,0.75,2,1,,UNKNOWN,,,,,,,,,,,,,,,,UNKNOWN,,,,,,,,,,,,,,,,UNKNOWN,,,,,,,,,,,,,,
76,821.8001,1.6E3,3.2E2,1.6E3,8.30,8.24,8.34,9.0E1,821.5667,821.8005,1,,UNKNOWN,,,,,,,,,,,,,,,,UNKNOWN,,,,,,,,,,,,,,,821.8001,DETECTED,9.0E1,821.5667,821.8005,0.07,0.87,1.6E3,3.2E2,1.6E3,8.30,8.24,8.34,0.75,2,1,,UNKNOWN,,,,,,,,,,,,,,,,UNKNOWN,,,,,,,,,,,,,,,,UNKNOWN,,,,,,,,,,,,,,
77,773.6790,9.8E2,8.7E1,9.8E2,8.37,8.27,8.43,9.2E1,773.5997,773.7193,1,,UNKNOWN,,,,,,,,,,,,,,,,UNKNOWN,,,,,,,,,,,,,,,773.6790,DETECTED,9.2E1,773.5997,773.7193,0.12,0.75,9.8E2,8.7E1,9.8E2,8.37,8.27,8.43,0.50,2,1,,UNKNOWN,,,,,,,,,,,,,,,,UNKNOWN,,,,,,,,,,,,,,,,UNKNOWN,,,,,,,,,,,,,,
78,799.6930,3.5E3,1.3E2,3.5E3,8.40,8.34,8.49,3.3E2,799.3974,799.9518,,,UNKNOWN,,,,,,,,,,,,,,,,UNKNOWN,,,,,,,,,,,,,,,799.6930,DETECTED,3.3E2,799.3974,799.9518,0.12,1.20,3.5E3,1.3E2,3.5E3,8.40,8.34,8.49,1.40,,,,UNKNOWN,,,,,,,,,,,,,,,,UNKNOWN,,,,,,,,,,,,,,,,UNKNOWN,,,,,,,,,,,,,,
79,759.5914,6.3E2,2.0E2,6.3E2,8.54,8.50,8.59,3.6E1,759.5340,759.5949,,,UNKNOWN,,,,,,,,,,,,,,,,UNKNOWN,,,,,,,,,,,,,,,759.5914,DETECTED,3.6E1,759.5340,759.5949,0.06,1.17,6.3E2,2.0E2,6.3E2,8.54,8.50,8.59,1.33,,,,UNKNOWN,,,,,,,,,,,,,,,,UNKNOWN,,,,,,,,,,,,,,,,UNKNOWN,,,,,,,,,,,,,,
80,773.6789,1.6E3,6.4E1,1.6E3,8.56,8.43,8.65,1.3E2,773.3000,773.7013,,,UNKNOWN,,,,,,,,,,,,,,,,UNKNOWN,,,,,,,,,,,,,,,773.6789,DETECTED,1.3E2,773.3000,773.7013,0.07,0.78,1.6E3,6.4E1,1.6E3,8.56,8.43,8.65,0.38,,,,UNKNOWN,,,,,,,,,,,,,,,,UNKNOWN,,,,,,,,,,,,,,,,UNKNOWN,,,,,,,,,,,,,,
81,799.7173,1.5E3,5.6E2,1.5E3,8.65,8.57,8.70,1.4E2,799.5990,799.9000,1,,UNKNOWN,,,,,,,,,,,,,,,,UNKNOWN,,,,,,,,,,,,,,,799.7173,DETECTED,1.4E2,799.5990,799.9000,0.06,0.83,1.5E3,5.6E2,1.5E3,8.65,8.57,8.70,0.67,2,1,,UNKNOWN,,,,,,,,,,,,,,,,UNKNOWN,,,,,,,,,,,,,,,,UNKNOWN,,,,,,,,,,,,,,
82,787.6344,1.2E3,5.7E1,1.2E3,8.66,8.62,8.71,6.6E1,787.6253,787.9000,,,UNKNOWN,,,,,,,,,,,,,,,,UNKNOWN,,,,,,,,,,,,,,,787.6344,DETECTED,6.6E1,787.6253,787.9000,0.07,1.17,1.2E3,5.7E1,1.2E3,8.66,8.62,8.71,1.33,,,,UNKNOWN,,,,,,,,,,,,,,,,UNKNOWN,,,,,,,,,,,,,,,,UNKNOWN,,,,,,,,,,,,,,
83,787.5995,1.1E3,2.8E2,1.1E3,8.79,8.75,8.84,6.2E1,787.5989,787.7833,,,UNKNOWN,,,,,,,,,,,,,,,,UNKNOWN,,,,,,,,,,,,,,,787.5995,DETECTED,6.2E1,787.5989,787.7833,0.06,1.17,1.1E3,2.8E2,1.1E3,8.79,8.75,8.84,1.33,,,,UNKNOWN,,,,,,,,,,,,,,,,UNKNOWN,,,,,,,,,,,,,,,,UNKNOWN,,,,,,,,,,,,,,
84,800.4945,6.6E2,1.6E2,6.6E2,9.27,9.23,9.32,3.8E1,800.4836,800.4973,1,,UNKNOWN,,,,,,,,,,,,,,,,UNKNOWN,,,,,,,,,,,,,,,800.4945,DETECTED,3.8E1,800.4836,800.4973,0.06,1.17,6.6E2,1.6E2,6.6E2,9.27,9.23,9.32,1.33,2,1,,UNKNOWN,,,,,,,,,,,,,,,,UNKNOWN,,,,,,,,,,,,,,,,UNKNOWN,,,,,,,,,,,,,,
85,800.4945,6.6E2,1.6E2,6.6E2,9.27,9.23,9.32,3.8E1,800.4836,800.4973,1,,UNKNOWN,,,,,,,,,,,,,,,,UNKNOWN,,,,,,,,,,,,,,,800.4945,DETECTED,3.8E1,800.4836,800.4973,0.06,1.17,6.6E2,1.6E2,6.6E2,9.27,9.23,9.32,1.33,2,1,,UNKNOWN,,,,,,,,,,,,,,,,UNKNOWN,,,,,,,,,,,,,,,,UNKNOWN,,,,,,,,,,,,,,
86,787.9999,1.2E3,3.8E2,1.2E3,9.44,9.40,9.49,7.1E1,787.7833,788.0002,,,UNKNOWN,,,,,,,,,,,,,,,,UNKNOWN,,,,,,,,,,,,,,,787.9999,DETECTED,7.1E1,787.7833,788.0002,0.06,1.17,1.2E3,3.8E2,1.2E3,9.44,9.40,9.49,1.33,,,,UNKNOWN,,,,,,,,,,,,,,,,UNKNOWN,,,,,,,,,,,,,,,,UNKNOWN,,,,,,,,,,,,,,
87,823.2000,1.2E3,2.7E2,1.2E3,9.58,9.54,9.63,6.9E1,822.9000,823.2001,,,UNKNOWN,,,,,,,,,,,,,,,,UNKNOWN,,,,,,,,,,,,,,,823.2000,DETECTED,6.9E1,822.9000,823.2001,0.06,1.17,1.2E3,2.7E2,1.2E3,9.58,9.54,9.63,1.33,,,,UNKNOWN,,,,,,,,,,,,,,,,UNKNOWN,,,,,,,,,,,,,,,,UNKNOWN,,,,,,,,,,,,,,
88,801.5892,1.1E3,5.0E1,1.1E3,9.61,9.57,9.69,6.7E1,801.1000,801.6000,,,UNKNOWN,,,,,,,,,,,,,,,,UNKNOWN,,,,,,,,,,,,,,,801.5892,DETECTED,6.7E1,801.1000,801.6000,0.06,1.16,1.1E3,5.0E1,1.1E3,9.61,9.57,9.69,1.28,,,,UNKNOWN,,,,,,,,,,,,,,,,UNKNOWN,,,,,,,,,,,,,,,,UNKNOWN,,,,,,,,,,,,,,
89,899.9998,1.2E3,2.4E2,1.2E3,9.63,9.58,9.67,6.5E1,899.9997,900.0000,,,UNKNOWN,,,,,,,,,,,,,,,,UNKNOWN,,,,,,,,,,,,,,,899.9998,DETECTED,6.5E1,899.9997,900.0000,0.07,0.88,1.2E3,2.4E2,1.2E3,9.63,9.58,9.67,0.75,,,,UNKNOWN,,,,,,,,,,,,,,,,UNKNOWN,,,,,,,,,,,,,,,,UNKNOWN,,,,,,,,,,,,,,
90,801.4992,1.5E3,5.1E1,1.5E3,9.79,9.72,9.83,8.8E1,801.2560,801.5000,,,UNKNOWN,,,,,,,,,,,,,,,,UNKNOWN,,,,,,,,,,,,,,,801.4992,DETECTED,8.8E1,801.2560,801.5000,0.06,0.88,1.5E3,5.1E1,1.5E3,9.79,9.72,9.83,0.80,,,,UNKNOWN,,,,,,,,,,,,,,,,UNKNOWN,,,,,,,,,,,,,,,,UNKNOWN,,,,,,,,,,,,,,
91,802.0007,5.2E2,1.3E2,5.2E2,9.85,9.80,9.89,3.0E1,801.9982,802.3250,,,UNKNOWN,,,,,,,,,,,,,,,,UNKNOWN,,,,,,,,,,,,,,,802.0007,DETECTED,3.0E1,801.9982,802.3250,0.06,0.87,5.2E2,1.3E2,5.2E2,9.85,9.80,9.89,0.75,,,,UNKNOWN,,,,,,,,,,,,,,,,UNKNOWN,,,,,,,,,,,,,,,,UNKNOWN,,,,,,,,,,,,,,
92,853.8692,5.4E3,9.5E1,5.4E3,9.98,9.93,10.01,1.6E2,853.7999,854.1916,,,UNKNOWN,,,,,,,,,,,,,,,,UNKNOWN,,,,,,,,,,,,,,,853.8692,DETECTED,1.6E2,853.7999,854.1916,0.02,0.62,5.4E3,9.5E1,5.4E3,9.98,9.93,10.01,0.30,,,,UNKNOWN,,,,,,,,,,,,,,,,UNKNOWN,,,,,,,,,,,,,,,,UNKNOWN,,,,,,,,,,,,,,
93,493.7894,7.8E2,2.7E2,7.8E2,2.65,2.59,2.69,4.5E1,493.7182,493.7917,,,UNKNOWN,,,,,,,,,,,,,,,,UNKNOWN,,,,,,,,,,,,,,,,UNKNOWN,,,,,,,,,,,,,,,493.7894,DETECTED,4.5E1,493.7182,493.7917,0.06,0.88,7.8E2,2.7E2,7.8E2,2.65,2.59,2.69,0.75,,,,UNKNOWN,,,,,,,,,,,,,,,,UNKNOWN,,,,,,,,,,,,,,
94,474.4000,2.9E3,9.2E2,2.9E3,2.92,2.88,2.97,1.6E2,474.3084,474.4001,,,UNKNOWN,,,,,,,,,,,,,,,,UNKNOWN,,,,,,,,,,,,,,,,UNKNOWN,,,,,,,,,,,,,,,474.4000,DETECTED,1.6E2,474.3084,474.4001,0.06,1.17,2.9E3,9.2E2,2.9E3,2.92,2.88,2.97,1.33,,,,UNKNOWN,,,,,,,,,,,,,,,,UNKNOWN,,,,,,,,,,,,,,
95,408.1058,5.6E2,5.0E1,5.6E2,3.24,3.19,3.30,3.4E1,408.0392,408.4000,,,UNKNOWN,,,,,,,,,,,,,,,,UNKNOWN,,,,,,,,,,,,,,,,UNKNOWN,,,,,,,,,,,,,,,408.1058,DETECTED,3.4E1,408.0392,408.4000,0.06,1.00,5.6E2,5.0E1,5.6E2,3.24,3.19,3.30,1.00,,,,UNKNOWN,,,,,,,,,,,,,,,,UNKNOWN,,,,,,,,,,,,,,
96,474.2116,3.5E3,5.2E1,3.5E3,3.24,3.13,3.30,2.1E2,474.1123,474.5000,,,UNKNOWN,,,,,,,,,,,,,,,,UNKNOWN,,,,,,,,,,,,,,,,UNKNOWN,,,,,,,,,,,,,,,474.2116,DETECTED,2.1E2,474.1123,474.5000,0.06,1.01,3.5E3,5.2E1,3.5E3,3.24,3.13,3.30,1.31,,,,UNKNOWN,,,,,,,,,,,,,,,,UNKNOWN,,,,,,,,,,,,,,
97,474.3403,2.1E3,1.6E2,2.1E3,3.78,3.74,3.83,1.2E2,473.9379,474.4007,,,UNKNOWN,,,,,,,,,,,,,,,,UNKNOWN,,,,,,,,,,,,,,,,UNKNOWN,,,,,,,,,,,,,,,474.3403,DETECTED,1.2E2,473.9379,474.4007,0.06,1.17,2.1E3,1.6E2,2.1E3,3.78,3.74,3.83,1.33,,,,UNKNOWN,,,,,,,,,,,,,,,,UNKNOWN,,,,,,,,,,,,,,
98,475.4443,6.5E2,1.2E2,6.5E2,3.94,3.89,4.00,3.8E1,475.3979,475.5000,,,UNKNOWN,,,,,,,,,,,,,,,,UNKNOWN,,,,,,,,,,,,,,,,UNKNOWN,,,,,,,,,,,,,,,475.4443,DETECTED,3.8E1,475.3979,475.5000,0.07,1.00,6.5E2,1.2E2,6.5E2,3.94,3.89,4.00,0.80,,,,UNKNOWN,,,,,,,,,,,,,,,,UNKNOWN,,,,,,,,,,,,,,
99,474.4594,3.5E3,8.2E2,3.5E3,4.00,3.94,4.11,3.5E2,473.9032,474.5031,,,UNKNOWN,,,,,,,,,,,,,,,,UNKNOWN,,,,,,,,,,,,,,,,UNKNOWN,,,,,,,,,,,,,,,474.4594,DETECTED,3.5E2,473.9032,474.5031,0.14,1.63,3.5E3,8.2E2,3.5E3,4.00,3.94,4.11,2.25,,,,UNKNOWN,,,,,,,,,,,,,,,,UNKNOWN,,,,,,,,,,,,,,
100,635.6003,7.0E2,1.7E2,7.0E2,4.06,4.02,4.11,4.0E1,635.5012,635.6008,,,UNKNOWN,,,,,,,,,,,,,,,,UNKNOWN,,,,,,,,,,,,,,,,UNKNOWN,,,,,,,,,,,,,,,635.6003,DETECTED,4.0E1,635.5012,635.6008,0.06,1.17,7.0E2,1.7E2,7.0E2,4.06,4.02,4.11,1.33,,,,UNKNOWN,,,,,,,,,,,,,,,,UNKNOWN,,,,,,,,,,,,,,
101,569.2825,2.3E3,3.9E2,2.3E3,4.13,4.06,4.19,1.8E2,568.5999,569.6886,,,UNKNOWN,,,,,,,,,,,,,,,,UNKNOWN,,,,,,,,,,,,,,,,UNKNOWN,,,,,,,,,,,,,,,569.2825,DETECTED,1.8E2,568.5999,569.6886,0.08,1.00,2.3E3,3.9E2,2.3E3,4.13,4.06,4.19,0.87,,,,UNKNOWN,,,,,,,,,,,,,,,,UNKNOWN,,,,,,,,,,,,,,
102,714.4997,6.1E2,1.7E2,6.1E2,4.27,4.23,4.32,3.5E1,714.4983,714.6314,,,UNKNOWN,,,,,,,,,,,,,,,,UNKNOWN,,,,,,,,,,,,,,,,UNKNOWN,,,,,,,,,,,,,,,714.4997,DETECTED,3.5E1,714.4983,714.6314,0.06,1.17,6.1E2,1.7E2,6.1E2,4.27,4.23,4.32,1.33,,,,UNKNOWN,,,,,,,,,,,,,,,,UNKNOWN,,,,,,,,,,,,,,
103,696.7000,1.1E3,4.0E2,1.1E3,4.29,4.26,4.35,6.2E1,696.6999,696.7000,,,UNKNOWN,,,,,,,,,,,,,,,,UNKNOWN,,,,,,,,,,,,,,,,UNKNOWN,,,,,,,,,,,,,,,696.7000,DETECTED,6.2E1,696.6999,696.7000,0.06,1.17,1.1E3,4.0E2,1.1E3,4.29,4.26,4.35,1.33,,,,UNKNOWN,,,,,,,,,,,,,,,,UNKNOWN,,,,,,,,,,,,,,
104,474.2648,1.4E3,5.7E1,1.4E3,4.49,4.40,4.55,1.1E2,474.2287,474.5000,,,UNKNOWN,,,,,,,,,,,,,,,,UNKNOWN,,,,,,,,,,,,,,,,UNKNOWN,,,,,,,,,,,,,,,474.2648,DETECTED,1.1E2,474.2287,474.5000,0.07,0.93,1.4E3,5.7E1,1.4E3,4.49,4.40,4.55,0.90,,,,UNKNOWN,,,,,,,,,,,,,,,,UNKNOWN,,,,,,,,,,,,,,
105,474.2797,7.6E2,2.4E2,7.6E2,4.70,4.66,4.75,4.6E1,474.1044,474.3084,,,UNKNOWN,,,,,,,,,,,,,,,,UNKNOWN,,,,,,,,,,,,,,,,UNKNOWN,,,,,,,,,,,,,,,474.2797,DETECTED,4.6E1,474.1044,474.3084,0.06,1.17,7.6E2,2.4E2,7.6E2,4.70,4.66,4.75,1.33,,,,UNKNOWN,,,,,,,,,,,,,,,,UNKNOWN,,,,,,,,,,,,,,
106,474.2611,1.9E3,8.6E1,1.9E3,4.84,4.75,4.90,1.5E2,474.1992,474.5000,,,UNKNOWN,,,,,,,,,,,,,,,,UNKNOWN,,,,,,,,,,,,,,,,UNKNOWN,,,,,,,,,,,,,,,474.2611,DETECTED,1.5E2,474.1992,474.5000,0.10,0.92,1.9E3,8.6E1,1.9E3,4.84,4.75,4.90,1.01,,,,UNKNOWN,,,,,,,,,,,,,,,,UNKNOWN,,,,,,,,,,,,,,
107,588.4996,1.4E3,5.7E1,1.4E3,4.88,4.83,4.94,8.9E1,588.4991,588.5154,,,UNKNOWN,,,,,,,,,,,,,,,,UNKNOWN,,,,,,,,,,,,,,,,UNKNOWN,,,,,,,,,,,,,,,588.4996,DETECTED,8.9E1,588.4991,588.5154,0.06,1.13,1.4E3,5.7E1,1.4E3,4.88,4.83,4.94,1.25,,,,UNKNOWN,,,,,,,,,,,,,,,,UNKNOWN,,,,,,,,,,,,,,
108,506.2024,5.9E2,5.1E1,5.9E2,4.93,4.88,4.98,3.5E1,506.1998,506.3000,,,UNKNOWN,,,,,,,,,,,,,,,,UNKNOWN,,,,,,,,,,,,,,,,UNKNOWN,,,,,,,,,,,,,,,506.2024,DETECTED,3.5E1,506.1998,506.3000,0.06,0.89,5.9E2,5.1E1,5.9E2,4.93,4.88,4.98,0.74,,,,UNKNOWN,,,,,,,,,,,,,,,,UNKNOWN,,,,,,,,,,,,,,
109,587.2037,5.0E3,1.3E3,5.0E3,4.96,4.89,5.05,5.7E2,587.1455,587.3023,,,UNKNOWN,,,,,,,,,,,,,,,,UNKNOWN,,,,,,,,,,,,,,,,UNKNOWN,,,,,,,,,,,,,,,587.2037,DETECTED,5.7E2,587.1455,587.3023,0.16,1.20,5.0E3,1.3E3,5.0E3,4.96,4.89,5.05,1.40,,,,UNKNOWN,,,,,,,,,,,,,,,,UNKNOWN,,,,,,,,,,,,,,
110,628.8688,2.3E3,3.5E2,2.3E3,5.07,4.98,5.11,1.6E2,627.9997,629.0994,,,UNKNOWN,,,,,,,,,,,,,,,,UNKNOWN,,,,,,,,,,,,,,,,UNKNOWN,,,,,,,,,,,,,,,628.8688,DETECTED,1.6E2,627.9997,629.0994,0.06,0.71,2.3E3,3.5E2,2.3E3,5.07,4.98,5.11,0.47,,,,UNKNOWN,,,,,,,,,,,,,,,,UNKNOWN,,,,,,,,,,,,,,
111,587.4106,6.0E3,7.8E2,6.0E3,5.15,5.05,5.25,7.5E2,587.3023,587.5679,1,,UNKNOWN,,,,,,,,,,,,,,,,UNKNOWN,,,,,,,,,,,,,,,,UNKNOWN,,,,,,,,,,,,,,,587.4106,DETECTED,7.5E2,587.3023,587.5679,0.14,1.00,6.0E3,7.8E2,6.0E3,5.15,5.05,5.25,1.00,2,1,,UNKNOWN,,,,,,,,,,,,,,,,UNKNOWN,,,,,,,,,,,,,,
112,474.2404,1.7E3,3.0E2,1.7E3,5.24,5.14,5.36,2.5E2,474.0987,474.3084,,,UNKNOWN,,,,,,,,,,,,,,,,UNKNOWN,,,,,,,,,,,,,,,,UNKNOWN,,,,,,,,,,,,,,,474.2404,DETECTED,2.5E2,474.0987,474.3084,0.11,1.06,1.7E3,3.0E2,1.7E3,5.24,5.14,5.36,1.12,,,,UNKNOWN,,,,,,,,,,,,,,,,UNKNOWN,,,,,,,,,,,,,,
113,506.2080,9.4E2,7.1E1,9.4E2,5.27,5.22,5.34,5.9E1,506.1841,506.4011,,,UNKNOWN,,,,,,,,,,,,,,,,UNKNOWN,,,,,,,,,,,,,,,,UNKNOWN,,,,,,,,,,,,,,,506.2080,DETECTED,5.9E1,506.1841,506.4011,0.06,1.18,9.4E2,7.1E1,9.4E2,5.27,5.22,5.34,1.15,,,,UNKNOWN,,,,,,,,,,,,,,,,UNKNOWN,,,,,,,,,,,,,,
114,587.4987,3.1E3,5.2E1,3.1E3,5.31,5.25,5.36,1.9E2,587.3935,587.6000,1,,UNKNOWN,,,,,,,,,,,,,,,,UNKNOWN,,,,,,,,,,,,,,,,UNKNOWN,,,,,,,,,,,,,,,587.4987,DETECTED,1.9E2,587.3935,587.6000,0.06,1.00,3.1E3,5.2E1,3.1E3,5.31,5.25,5.36,1.00,2,1,,UNKNOWN,,,,,,,,,,,,,,,,UNKNOWN,,,,,,,,,,,,,,
115,779.5922,5.6E2,1.8E2,5.6E2,5.40,5.36,5.45,3.2E1,779.5829,779.5974,,,UNKNOWN,,,,,,,,,,,,,,,,UNKNOWN,,,,,,,,,,,,,,,,UNKNOWN,,,,,,,,,,,,,,,779.5922,DETECTED,3.2E1,779.5829,779.5974,0.06,1.17,5.6E2,1.8E2,5.6E2,5.40,5.36,5.45,1.33,,,,UNKNOWN,,,,,,,,,,,,,,,,UNKNOWN,,,,,,,,,,,,,,
116,616.2982,5.9E2,9.4E1,5.9E2,5.41,5.36,5.46,3.6E1,616.2949,616.4671,,,UNKNOWN,,,,,,,,,,,,,,,,UNKNOWN,,,,,,,,,,,,,,,,UNKNOWN,,,,,,,,,,,,,,,616.2982,DETECTED,3.6E1,616.2949,616.4671,0.06,1.00,5.9E2,9.4E1,5.9E2,5.41,5.36,5.46,0.81,,,,UNKNOWN,,,,,,,,,,,,,,,,UNKNOWN,,,,,,,,,,,,,,
117,588.5001,9.1E2,2.2E2,9.1E2,5.44,5.38,5.47,5.2E1,588.4998,588.5154,,,UNKNOWN,,,,,,,,,,,,,,,,UNKNOWN,,,,,,,,,,,,,,,,UNKNOWN,,,,,,,,,,,,,,,588.5001,DETECTED,5.2E1,588.4998,588.5154,0.06,0.87,9.1E2,2.2E2,9.1E2,5.44,5.38,5.47,0.75,,,,UNKNOWN,,,,,,,,,,,,,,,,UNKNOWN,,,,,,,,,,,,,,
118,761.2024,1.5E3,5.3E1,1.5E3,5.47,5.44,5.53,8.6E1,761.1999,761.5030,,,UNKNOWN,,,,,,,,,,,,,,,,UNKNOWN,,,,,,,,,,,,,,,,UNKNOWN,,,,,,,,,,,,,,,761.2024,DETECTED,8.6E1,761.1999,761.5030,0.06,1.17,1.5E3,5.3E1,1.5E3,5.47,5.44,5.53,1.33,,,,UNKNOWN,,,,,,,,,,,,,,,,UNKNOWN,,,,,,,,,,,,,,
119,587.2927,2.1E3,5.6E1,2.1E3,5.50,5.45,5.55,1.2E2,587.2307,587.5000,,,UNKNOWN,,,,,,,,,,,,,,,,UNKNOWN,,,,,,,,,,,,,,,,UNKNOWN,,,,,,,,,,,,,,,587.2927,DETECTED,1.2E2,587.2307,587.5000,0.06,0.88,2.1E3,5.6E1,2.1E3,5.50,5.45,5.55,0.72,,,,UNKNOWN,,,,,,,,,,,,,,,,UNKNOWN,,,,,,,,,,,,,,
120,745.6745,2.6E3,6.2E1,2.6E3,5.57,5.51,5.80,3.5E2,745.4000,745.8000,,,UNKNOWN,,,,,,,,,,,,,,,,UNKNOWN,,,,,,,,,,,,,,,,UNKNOWN,,,,,,,,,,,,,,,745.6745,DETECTED,3.5E2,745.4000,745.8000,0.21,1.03,2.6E3,6.2E1,2.6E3,5.57,5.51,5.80,4.23,,,,UNKNOWN,,,,,,,,,,,,,,,,UNKNOWN,,,,,,,,,,,,,,
121,647.5844,1.0E3,3.9E2,1.0E3,5.66,5.62,5.71,5.9E1,647.5420,647.5898,,,UNKNOWN,,,,,,,,,,,,,,,,UNKNOWN,,,,,,,,,,,,,,,,UNKNOWN,,,,,,,,,,,,,,,647.5844,DETECTED,5.9E1,647.5420,647.5898,0.06,1.17,1.0E3,3.9E2,1.0E3,5.66,5.62,5.71,1.33,,,,UNKNOWN,,,,,,,,,,,,,,,,UNKNOWN,,,,,,,,,,,,,,
122,669.3999,8.5E2,2.0E2,8.5E2,5.67,5.62,5.71,4.8E1,669.0818,669.4000,,,UNKNOWN,,,,,,,,,,,,,,,,UNKNOWN,,,,,,,,,,,,,,,,UNKNOWN,,,,,,,,,,,,,,,669.3999,DETECTED,4.8E1,669.0818,669.4000,0.06,0.88,8.5E2,2.0E2,8.5E2,5.67,5.62,5.71,0.75,,,,UNKNOWN,,,,,,,,,,,,,,,,UNKNOWN,,,,,,,,,,,,,,
123,686.4783,4.9E3,5.1E1,4.9E3,5.67,5.59,5.73,3.1E2,685.9000,686.6374,1,,UNKNOWN,,,,,,,,,,,,,,,,UNKNOWN,,,,,,,,,,,,,,,,UNKNOWN,,,,,,,,,,,,,,,686.4783,DETECTED,3.1E2,685.9000,686.6374,0.06,0.97,4.9E3,5.1E1,4.9E3,5.67,5.59,5.73,0.91,2,1,,UNKNOWN,,,,,,,,,,,,,,,,UNKNOWN,,,,,,,,,,,,,,
124,745.6644,2.0E3,2.2E2,2.0E3,5.67,5.62,5.71,1.2E2,745.4567,745.6973,,,UNKNOWN,,,,,,,,,,,,,,,,UNKNOWN,,,,,,,,,,,,,,,,UNKNOWN,,,,,,,,,,,,,,,745.6644,DETECTED,1.2E2,745.4567,745.6973,0.06,0.88,2.0E3,2.2E2,2.0E3,5.67,5.62,5.71,0.75,,,,UNKNOWN,,,,,,,,,,,,,,,,UNKNOWN,,,,,,,,,,,,,,
125,506.0216,8.4E2,5.2E1,8.4E2,5.68,5.62,5.73,5.0E1,505.9999,506.7000,,,UNKNOWN,,,,,,,,,,,,,,,,UNKNOWN,,,,,,,,,,,,,,,,UNKNOWN,,,,,,,,,,,,,,,506.0216,DETECTED,5.0E1,505.9999,506.7000,0.06,0.93,8.4E2,5.2E1,8.4E2,5.68,5.62,5.73,1.36,,,,UNKNOWN,,,,,,,,,,,,,,,,UNKNOWN,,,,,,,,,,,,,,
126,587.5001,2.0E3,5.5E1,2.0E3,5.73,5.68,5.79,1.1E2,587.3035,587.6000,1,,UNKNOWN,,,,,,,,,,,,,,,,UNKNOWN,,,,,,,,,,,,,,,,UNKNOWN,,,,,,,,,,,,,,,587.5001,DETECTED,1.1E2,587.3035,587.6000,0.07,0.88,2.0E3,5.5E1,2.0E3,5.73,5.68,5.79,0.74,2,1,,UNKNOWN,,,,,,,,,,,,,,,,UNKNOWN,,,,,,,,,,,,,,
127,618.6808,1.2E3,3.2E2,1.2E3,5.88,5.82,5.92,6.6E1,618.5486,618.6875,,,UNKNOWN,,,,,,,,,,,,,,,,UNKNOWN,,,,,,,,,,,,,,,,UNKNOWN,,,,,,,,,,,,,,,618.6808,DETECTED,6.6E1,618.5486,618.6875,0.06,0.87,1.2E3,3.2E2,1.2E3,5.88,5.82,5.92,0.75,,,,UNKNOWN,,,,,,,,,,,,,,,,UNKNOWN,,,,,,,,,,,,,,
128,689.4070,3.3E3,3.0E2,3.3E3,5.89,5.73,6.01,4.8E2,688.8976,689.6931,1,,UNKNOWN,,,,,,,,,,,,,,,,UNKNOWN,,,,,,,,,,,,,,,,UNKNOWN,,,,,,,,,,,,,,,689.4070,DETECTED,4.8E2,688.8976,689.6931,0.09,0.87,3.3E3,3.0E2,3.3E3,5.89,5.73,6.01,0.71,2,1,,UNKNOWN,,,,,,,,,,,,,,,,UNKNOWN,,,,,,,,,,,,,,
129,522.2027,1.6E3,5.4E2,1.6E3,6.14,6.08,6.17,9.0E1,522.2017,522.3674,,,UNKNOWN,,,,,,,,,,,,,,,,UNKNOWN,,,,,,,,,,,,,,,,UNKNOWN,,,,,,,,,,,,,,,522.2027,DETECTED,9.0E1,522.2017,522.3674,0.06,0.87,1.6E3,5.4E2,1.6E3,6.14,6.08,6.17,0.75,,,,UNKNOWN,,,,,,,,,,,,,,,,UNKNOWN,,,,,,,,,,,,,,
130,518.4351,1.6E3,2.3E2,1.6E3,6.19,6.12,6.25,1.1E2,518.2948,518.5000,,,UNKNOWN,,,,,,,,,,,,,,,,UNKNOWN,,,,,,,,,,,,,,,,UNKNOWN,,,,,,,,,,,,,,,518.4351,DETECTED,1.1E2,518.2948,518.5000,0.07,1.00,1.6E3,2.3E2,1.6E3,6.19,6.12,6.25,0.83,,,,UNKNOWN,,,,,,,,,,,,,,,,UNKNOWN,,,,,,,,,,,,,,
131,506.3762,5.0E3,8.3E1,5.0E3,6.42,6.36,6.50,3.1E2,506.2166,506.4165,1,,UNKNOWN,,,,,,,,,,,,,,,,UNKNOWN,,,,,,,,,,,,,,,,UNKNOWN,,,,,,,,,,,,,,,506.3762,DETECTED,3.1E2,506.2166,506.4165,0.06,0.99,5.0E3,8.3E1,5.0E3,6.42,6.36,6.50,0.96,2,1,,UNKNOWN,,,,,,,,,,,,,,,,UNKNOWN,,,,,,,,,,,,,,
132,524.2726,5.4E3,1.8E2,5.4E3,6.42,6.36,6.50,3.8E2,524.1344,524.6001,1,,UNKNOWN,,,,,,,,,,,,,,,,UNKNOWN,,,,,,,,,,,,,,,,UNKNOWN,,,,,,,,,,,,,,,524.2726,DETECTED,3.8E2,524.1344,524.6001,0.07,1.16,5.4E3,1.8E2,5.4E3,6.42,6.36,6.50,1.32,2,1,,UNKNOWN,,,,,,,,,,,,,,,,UNKNOWN,,,,,,,,,,,,,,
133,534.5787,2.6E3,6.1E1,2.6E3,6.98,6.93,7.04,1.5E2,534.3325,534.6871,,,UNKNOWN,,,,,,,,,,,,,,,,UNKNOWN,,,,,,,,,,,,,,,,UNKNOWN,,,,,,,,,,,,,,,534.5787,DETECTED,1.5E2,534.3325,534.6871,0.06,0.99,2.6E3,6.1E1,2.6E3,6.98,6.93,7.04,1.19,,,,UNKNOWN,,,,,,,,,,,,,,,,UNKNOWN,,,,,,,,,,,,,,
134,552.4563,3.2E3,1.9E2,3.2E3,6.98,6.91,7.04,2.1E2,552.3991,552.6325,,,UNKNOWN,,,,,,,,,,,,,,,,UNKNOWN,,,,,,,,,,,,,,,,UNKNOWN,,,,,,,,,,,,,,,552.4563,DETECTED,2.1E2,552.3991,552.6325,0.07,0.90,3.2E3,1.9E2,3.2E3,6.98,6.91,7.04,0.77,,,,UNKNOWN,,,,,,,,,,,,,,,,UNKNOWN,,,,,,,,,,,,,,
135,646.4930,9.1E2,2.2E2,9.1E2,7.15,7.11,7.20,5.2E1,646.4737,646.4967,,,UNKNOWN,,,,,,,,,,,,,,,,UNKNOWN,,,,,,,,,,,,,,,,UNKNOWN,,,,,,,,,,,,,,,646.4930,DETECTED,5.2E1,646.4737,646.4967,0.06,1.17,9.1E2,2.2E2,9.1E2,7.15,7.11,7.20,1.33,,,,UNKNOWN,,,,,,,,,,,,,,,,UNKNOWN,,,,,,,,,,,,,,
136,764.6524,1.2E3,9.5E1,1.2E3,7.19,7.13,7.25,7.4E1,764.6003,764.7020,,,UNKNOWN,,,,,,,,,,,,,,,,UNKNOWN,,,,,,,,,,,,,,,,UNKNOWN,,,,,,,,,,,,,,,764.6524,DETECTED,7.4E1,764.6003,764.7020,0.06,1.01,1.2E3,9.5E1,1.2E3,7.19,7.13,7.25,1.28,,,,UNKNOWN,,,,,,,,,,,,,,,,UNKNOWN,,,,,,,,,,,,,,
137,782.6984,1.8E3,6.2E2,1.8E3,7.21,7.17,7.26,1.0E2,782.6978,782.6989,,,UNKNOWN,,,,,,,,,,,,,,,,UNKNOWN,,,,,,,,,,,,,,,,UNKNOWN,,,,,,,,,,,,,,,782.6984,DETECTED,1.0E2,782.6978,782.6989,0.06,1.17,1.8E3,6.2E2,1.8E3,7.21,7.17,7.26,1.33,,,,UNKNOWN,,,,,,,,,,,,,,,,UNKNOWN,,,,,,,,,,,,,,
138,778.6840,6.7E2,1.5E2,6.7E2,7.34,7.30,7.42,4.9E1,778.4973,778.7990,1,,UNKNOWN,,,,,,,,,,,,,,,,UNKNOWN,,,,,,,,,,,,,,,,UNKNOWN,,,,,,,,,,,,,,,778.6840,DETECTED,4.9E1,778.4973,778.7990,0.08,1.50,6.7E2,1.5E2,6.7E2,7.34,7.30,7.42,2.00,2,1,,UNKNOWN,,,,,,,,,,,,,,,,UNKNOWN,,,,,,,,,,,,,,
139,778.6840,6.7E2,1.5E2,6.7E2,7.34,7.30,7.42,4.9E1,778.4973,778.7990,1,,UNKNOWN,,,,,,,,,,,,,,,,UNKNOWN,,,,,,,,,,,,,,,,UNKNOWN,,,,,,,,,,,,,,,778.6840,DETECTED,4.9E1,778.4973,778.7990,0.08,1.50,6.7E2,1.5E2,6.7E2,7.34,7.30,7.42,2.00,2,1,,UNKNOWN,,,,,,,,,,,,,,,,UNKNOWN,,,,,,,,,,,,,,
140,796.4012,8.5E2,5.6E1,8.5E2,7.36,7.30,7.41,4.9E1,796.3962,796.6000,,,UNKNOWN,,,,,,,,,,,,,,,,UNKNOWN,,,,,,,,,,,,,,,,UNKNOWN,,,,,,,,,,,,,,,796.4012,DETECTED,4.9E1,796.3962,796.6000,0.06,0.88,8.5E2,5.6E1,8.5E2,7.36,7.30,7.41,0.73,,,,UNKNOWN,,,,,,,,,,,,,,,,UNKNOWN,,,,,,,,,,,,,,
141,752.7771,6.3E2,8.1E1,6.3E2,7.38,7.33,7.46,4.2E1,752.6835,752.8904,,,UNKNOWN,,,,,,,,,,,,,,,,UNKNOWN,,,,,,,,,,,,,,,,UNKNOWN,,,,,,,,,,,,,,,752.7771,DETECTED,4.2E1,752.6835,752.8904,0.06,1.25,6.3E2,8.1E1,6.3E2,7.38,7.33,7.46,1.41,,,,UNKNOWN,,,,,,,,,,,,,,,,UNKNOWN,,,,,,,,,,,,,,
142,770.6568,2.1E3,1.9E2,2.1E3,7.38,7.33,7.45,1.3E2,770.5743,771.3072,1,,UNKNOWN,,,,,,,,,,,,,,,,UNKNOWN,,,,,,,,,,,,,,,,UNKNOWN,,,,,,,,,,,,,,,770.6568,DETECTED,1.3E2,770.5743,771.3072,0.06,1.31,2.1E3,1.9E2,2.1E3,7.38,7.33,7.45,1.36,2,1,,UNKNOWN,,,,,,,,,,,,,,,,UNKNOWN,,,,,,,,,,,,,,
143,797.8461,1.2E3,5.5E2,1.2E3,7.45,7.34,7.49,1.3E2,797.7972,797.8978,,,UNKNOWN,,,,,,,,,,,,,,,,UNKNOWN,,,,,,,,,,,,,,,,UNKNOWN,,,,,,,,,,,,,,,797.8461,DETECTED,1.3E2,797.7972,797.8978,0.11,0.69,1.2E3,5.5E2,1.2E3,7.45,7.34,7.49,0.37,,,,UNKNOWN,,,,,,,,,,,,,,,,UNKNOWN,,,,,,,,,,,,,,
144,614.6817,7.6E2,1.4E2,7.6E2,7.50,7.45,7.56,4.8E1,614.6418,614.6873,,,UNKNOWN,,,,,,,,,,,,,,,,UNKNOWN,,,,,,,,,,,,,,,,UNKNOWN,,,,,,,,,,,,,,,614.6817,DETECTED,4.8E1,614.6418,614.6873,0.06,1.13,7.6E2,1.4E2,7.6E2,7.50,7.45,7.56,1.09,,,,UNKNOWN,,,,,,,,,,,,,,,,UNKNOWN,,,,,,,,,,,,,,
145,562.6023,2.7E3,3.0E2,2.7E3,7.51,7.46,7.56,1.6E2,562.6010,562.7199,,,UNKNOWN,,,,,,,,,,,,,,,,UNKNOWN,,,,,,,,,,,,,,,,UNKNOWN,,,,,,,,,,,,,,,562.6023,DETECTED,1.6E2,562.6010,562.7199,0.06,1.00,2.7E3,3.0E2,2.7E3,7.51,7.46,7.56,1.32,,,,UNKNOWN,,,,,,,,,,,,,,,,UNKNOWN,,,,,,,,,,,,,,
146,580.1737,1.9E3,3.4E2,1.9E3,7.52,7.47,7.58,1.1E2,580.0872,580.3729,,,UNKNOWN,,,,,,,,,,,,,,,,UNKNOWN,,,,,,,,,,,,,,,,UNKNOWN,,,,,,,,,,,,,,,580.1737,DETECTED,1.1E2,580.0872,580.3729,0.06,1.00,1.9E3,3.4E2,1.9E3,7.52,7.47,7.58,1.22,,,,UNKNOWN,,,,,,,,,,,,,,,,UNKNOWN,,,,,,,,,,,,,,
147,784.6833,3.2E3,1.4E2,3.2E3,7.64,7.55,7.68,1.9E2,784.2006,784.7108,1,,UNKNOWN,,,,,,,,,,,,,,,,UNKNOWN,,,,,,,,,,,,,,,,UNKNOWN,,,,,,,,,,,,,,,784.6833,DETECTED,1.9E2,784.2006,784.7108,0.06,0.76,3.2E3,1.4E2,3.2E3,7.64,7.55,7.68,0.77,2,1,,UNKNOWN,,,,,,,,,,,,,,,,UNKNOWN,,,,,,,,,,,,,,
148,766.5066,1.2E3,7.9E1,1.2E3,7.65,7.59,7.71,7.4E1,766.1000,766.5867,,,UNKNOWN,,,,,,,,,,,,,,,,UNKNOWN,,,,,,,,,,,,,,,,UNKNOWN,,,,,,,,,,,,,,,766.5066,DETECTED,7.4E1,766.1000,766.5867,0.06,0.99,1.2E3,7.9E1,1.2E3,7.65,7.59,7.71,0.79,,,,UNKNOWN,,,,,,,,,,,,,,,,UNKNOWN,,,,,,,,,,,,,,
149,796.4999,8.9E2,2.4E2,8.9E2,7.74,7.69,7.78,5.1E1,796.4306,796.5007,,,UNKNOWN,,,,,,,,,,,,,,,,UNKNOWN,,,,,,,,,,,,,,,,UNKNOWN,,,,,,,,,,,,,,,796.4999,DETECTED,5.1E1,796.4306,796.5007,0.06,0.88,8.9E2,2.4E2,8.9E2,7.74,7.69,7.78,0.75,,,,UNKNOWN,,,,,,,,,,,,,,,,UNKNOWN,,,,,,,,,,,,,,
150,628.5972,1.1E4,7.6E1,1.1E4,7.76,7.69,7.84,7.2E2,628.2693,628.7000,,,UNKNOWN,,,,,,,,,,,,,,,,UNKNOWN,,,,,,,,,,,,,,,,UNKNOWN,,,,,,,,,,,,,,,628.5972,DETECTED,7.2E2,628.2693,628.7000,0.06,1.28,1.1E4,7.6E1,1.1E4,7.76,7.69,7.84,1.51,,,,UNKNOWN,,,,,,,,,,,,,,,,UNKNOWN,,,,,,,,,,,,,,
151,646.5541,1.2E4,5.0E1,1.2E4,7.76,7.69,7.85,7.9E2,646.2000,646.6231,1,,UNKNOWN,,,,,,,,,,,,,,,,UNKNOWN,,,,,,,,,,,,,,,,UNKNOWN,,,,,,,,,,,,,,,646.5541,DETECTED,7.9E2,646.2000,646.6231,0.06,1.20,1.2E4,5.0E1,1.2E4,7.76,7.69,7.85,1.35,2,1,,UNKNOWN,,,,,,,,,,,,,,,,UNKNOWN,,,,,,,,,,,,,,
152,620.4875,1.1E4,1.7E2,1.1E4,7.80,7.74,7.87,6.3E2,620.4274,620.7000,1,,UNKNOWN,,,,,,,,,,,,,,,,UNKNOWN,,,,,,,,,,,,,,,,UNKNOWN,,,,,,,,,,,,,,,620.4875,DETECTED,6.3E2,620.4274,620.7000,0.06,1.00,1.1E4,1.7E2,1.1E4,7.80,7.74,7.87,1.12,2,1,,UNKNOWN,,,,,,,,,,,,,,,,UNKNOWN,,,,,,,,,,,,,,
153,602.4705,1.2E4,6.8E1,1.2E4,7.81,7.73,7.87,7.2E2,601.8000,602.4982,1,,UNKNOWN,,,,,,,,,,,,,,,,UNKNOWN,,,,,,,,,,,,,,,,UNKNOWN,,,,,,,,,,,,,,,602.4705,DETECTED,7.2E2,601.8000,602.4982,0.06,0.98,1.2E4,6.8E1,1.2E4,7.81,7.73,7.87,0.95,2,1,,UNKNOWN,,,,,,,,,,,,,,,,UNKNOWN,,,,,,,,,,,,,,
154,620.1900,3.1E3,5.8E1,3.1E3,7.84,7.82,7.87,6.4E1,619.5593,620.2000,,,UNKNOWN,,,,,,,,,,,,,,,,UNKNOWN,,,,,,,,,,,,,,,,UNKNOWN,,,,,,,,,,,,,,,620.1900,DETECTED,6.4E1,619.5593,620.2000,0.03,1.57,3.1E3,5.8E1,3.1E3,7.84,7.82,7.87,2.00,,,,UNKNOWN,,,,,,,,,,,,,,,,UNKNOWN,,,,,,,,,,,,,,
155,780.9379,4.2E3,1.7E2,4.2E3,7.89,7.81,7.95,3.0E2,780.6675,781.0000,,,UNKNOWN,,,,,,,,,,,,,,,,UNKNOWN,,,,,,,,,,,,,,,,UNKNOWN,,,,,,,,,,,,,,,780.9379,DETECTED,3.0E2,780.6675,781.0000,0.08,1.01,4.2E3,1.7E2,4.2E3,7.89,7.81,7.95,0.88,,,,UNKNOWN,,,,,,,,,,,,,,,,UNKNOWN,,,,,,,,,,,,,,
156,798.6833,1.1E4,8.7E2,1.1E4,7.89,7.81,7.95,7.6E2,798.5726,798.9491,,,UNKNOWN,,,,,,,,,,,,,,,,UNKNOWN,,,,,,,,,,,,,,,,UNKNOWN,,,,,,,,,,,,,,,798.6833,DETECTED,7.6E2,798.5726,798.9491,0.06,0.87,1.1E4,8.7E2,1.1E4,7.89,7.81,7.95,0.79,,,,UNKNOWN,,,,,,,,,,,,,,,,UNKNOWN,,,,,,,,,,,,,,
157,598.7176,2.0E3,4.4E2,2.0E3,7.94,7.90,8.02,1.3E2,598.4000,598.8000,,,UNKNOWN,,,,,,,,,,,,,,,,UNKNOWN,,,,,,,,,,,,,,,,UNKNOWN,,,,,,,,,,,,,,,598.7176,DETECTED,1.3E2,598.4000,598.8000,0.06,1.50,2.0E3,4.4E2,2.0E3,7.94,7.90,8.02,2.00,,,,UNKNOWN,,,,,,,,,,,,,,,,UNKNOWN,,,,,,,,,,,,,,
158,616.5240,2.8E4,5.0E1,2.8E4,7.97,7.89,8.13,2.5E3,616.2000,616.5956,1,,UNKNOWN,,,,,,,,,,,,,,,,UNKNOWN,,,,,,,,,,,,,,,,UNKNOWN,,,,,,,,,,,,,,,616.5240,DETECTED,2.5E3,616.2000,616.5956,0.07,1.71,2.8E4,5.0E1,2.8E4,7.97,7.89,8.13,2.67,2,1,,UNKNOWN,,,,,,,,,,,,,,,,UNKNOWN,,,,,,,,,,,,,,
159,634.5657,2.8E4,3.2E2,2.8E4,7.97,7.85,8.12,2.8E3,634.5330,634.7005,1,,UNKNOWN,,,,,,,,,,,,,,,,UNKNOWN,,,,,,,,,,,,,,,,UNKNOWN,,,,,,,,,,,,,,,634.5657,DETECTED,2.8E3,634.5330,634.7005,0.11,1.44,2.8E4,3.2E2,2.8E4,7.97,7.85,8.12,2.26,2,1,,UNKNOWN,,,,,,,,,,,,,,,,UNKNOWN,,,,,,,,,,,,,,
160,642.8990,1.2E3,3.0E2,1.2E3,8.00,7.95,8.04,7.0E1,642.8267,642.8991,,,UNKNOWN,,,,,,,,,,,,,,,,UNKNOWN,,,,,,,,,,,,,,,,UNKNOWN,,,,,,,,,,,,,,,642.8990,DETECTED,7.0E1,642.8267,642.8991,0.06,0.88,1.2E3,3.0E2,1.2E3,8.00,7.95,8.04,0.75,,,,UNKNOWN,,,,,,,,,,,,,,,,UNKNOWN,,,,,,,,,,,,,,
161,590.4634,3.2E4,5.0E1,3.2E4,8.02,7.89,8.12,2.3E3,590.3000,590.7003,1,,UNKNOWN,,,,,,,,,,,,,,,,UNKNOWN,,,,,,,,,,,,,,,,UNKNOWN,,,,,,,,,,,,,,,590.4634,DETECTED,2.3E3,590.3000,590.7003,0.06,0.92,3.2E4,5.0E1,3.2E4,8.02,7.89,8.12,0.90,2,1,,UNKNOWN,,,,,,,,,,,,,,,,UNKNOWN,,,,,,,,,,,,,,
162,608.5118,3.6E4,5.3E1,3.6E4,8.02,7.90,8.09,2.4E3,608.4000,608.7088,1,,UNKNOWN,,,,,,,,,,,,,,,,UNKNOWN,,,,,,,,,,,,,,,,UNKNOWN,,,,,,,,,,,,,,,608.5118,DETECTED,2.4E3,608.4000,608.7088,0.07,0.95,3.6E4,5.3E1,3.6E4,8.02,7.90,8.09,0.80,2,1,,UNKNOWN,,,,,,,,,,,,,,,,UNKNOWN,,,,,,,,,,,,,,
163,646.5933,8.3E2,5.9E1,8.3E2,8.07,8.00,8.11,4.9E1,646.4737,646.5999,,,UNKNOWN,,,,,,,,,,,,,,,,UNKNOWN,,,,,,,,,,,,,,,,UNKNOWN,,,,,,,,,,,,,,,646.5933,DETECTED,4.9E1,646.4737,646.5999,0.06,0.87,8.3E2,5.9E1,8.3E2,8.07,8.00,8.11,0.77,,,,UNKNOWN,,,,,,,,,,,,,,,,UNKNOWN,,,,,,,,,,,,,,
164,586.6986,8.7E2,2.7E2,8.7E2,8.24,8.20,8.29,5.0E1,586.6944,587.3035,,,UNKNOWN,,,,,,,,,,,,,,,,UNKNOWN,,,,,,,,,,,,,,,,UNKNOWN,,,,,,,,,,,,,,,586.6986,DETECTED,5.0E1,586.6944,587.3035,0.06,1.17,8.7E2,2.7E2,8.7E2,8.24,8.20,8.29,1.33,,,,UNKNOWN,,,,,,,,,,,,,,,,UNKNOWN,,,,,,,,,,,,,,
165,622.3981,3.2E4,2.3E2,3.2E4,8.25,8.17,8.35,2.1E3,622.3543,622.6004,1,,UNKNOWN,,,,,,,,,,,,,,,,UNKNOWN,,,,,,,,,,,,,,,,UNKNOWN,,,,,,,,,,,,,,,622.3981,DETECTED,2.1E3,622.3543,622.6004,0.06,1.14,3.2E4,2.3E2,3.2E4,8.25,8.17,8.35,1.28,2,1,,UNKNOWN,,,,,,,,,,,,,,,,UNKNOWN,,,,,,,,,,,,,,
166,634.3197,3.8E3,4.0E2,3.8E3,8.25,8.20,8.32,2.3E2,634.2999,634.5434,1,,UNKNOWN,,,,,,,,,,,,,,,,UNKNOWN,,,,,,,,,,,,,,,,UNKNOWN,,,,,,,,,,,,,,,634.3197,DETECTED,2.3E2,634.2999,634.5434,0.06,1.12,3.8E3,4.0E2,3.8E3,8.25,8.20,8.32,1.00,2,1,,UNKNOWN,,,,,,,,,,,,,,,,UNKNOWN,,,,,,,,,,,,,,
167,586.2042,1.4E3,1.2E2,1.4E3,8.26,8.19,8.32,8.7E1,586.1947,586.3010,,,UNKNOWN,,,,,,,,,,,,,,,,UNKNOWN,,,,,,,,,,,,,,,,UNKNOWN,,,,,,,,,,,,,,,586.2042,DETECTED,8.7E1,586.1947,586.3010,0.06,0.79,1.4E3,1.2E2,1.4E3,8.26,8.19,8.32,0.56,,,,UNKNOWN,,,,,,,,,,,,,,,,UNKNOWN,,,,,,,,,,,,,,
168,604.6281,4.1E4,4.9E2,4.1E4,8.26,8.19,8.34,2.6E3,604.3814,604.7000,1,,UNKNOWN,,,,,,,,,,,,,,,,UNKNOWN,,,,,,,,,,,,,,,,UNKNOWN,,,,,,,,,,,,,,,604.6281,DETECTED,2.6E3,604.3814,604.7000,0.06,0.95,4.1E4,4.9E2,4.1E4,8.26,8.19,8.34,1.00,2,1,,UNKNOWN,,,,,,,,,,,,,,,,UNKNOWN,,,,,,,,,,,,,,
169,600.8626,9.5E2,2.1E2,9.5E2,8.28,8.22,8.33,5.8E1,600.6946,601.6003,,,UNKNOWN,,,,,,,,,,,,,,,,UNKNOWN,,,,,,,,,,,,,,,,UNKNOWN,,,,,,,,,,,,,,,600.8626,DETECTED,5.8E1,600.6946,601.6003,0.07,1.00,9.5E2,2.1E2,9.5E2,8.28,8.22,8.33,1.00,,,,UNKNOWN,,,,,,,,,,,,,,,,UNKNOWN,,,,,,,,,,,,,,
170,630.5212,7.4E4,3.6E2,7.4E4,8.29,8.17,8.41,4.9E3,630.4774,630.7999,1,,UNKNOWN,,,,,,,,,,,,,,,,UNKNOWN,,,,,,,,,,,,,,,,UNKNOWN,,,,,,,,,,,,,,,630.5212,DETECTED,4.9E3,630.4774,630.7999,0.06,1.11,7.4E4,3.6E2,7.4E4,8.29,8.17,8.41,1.14,3,1,,UNKNOWN,,,,,,,,,,,,,,,,UNKNOWN,,,,,,,,,,,,,,
171,648.5048,5.5E4,8.2E1,5.5E4,8.29,8.16,8.38,3.7E3,648.3000,648.6466,1,,UNKNOWN,,,,,,,,,,,,,,,,UNKNOWN,,,,,,,,,,,,,,,,UNKNOWN,,,,,,,,,,,,,,,648.5048,DETECTED,3.7E3,648.3000,648.6466,0.06,1.01,5.5E4,8.2E1,5.5E4,8.29,8.16,8.38,1.03,3,1,,UNKNOWN,,,,,,,,,,,,,,,,UNKNOWN,,,,,,,,,,,,,,
172,600.3035,9.6E2,3.4E2,9.6E2,8.32,8.26,8.35,5.5E1,600.2758,600.3130,,,UNKNOWN,,,,,,,,,,,,,,,,UNKNOWN,,,,,,,,,,,,,,,,UNKNOWN,,,,,,,,,,,,,,,600.3035,DETECTED,5.5E1,600.2758,600.3130,0.06,0.87,9.6E2,3.4E2,9.6E2,8.32,8.26,8.35,0.75,,,,UNKNOWN,,,,,,,,,,,,,,,,UNKNOWN,,,,,,,,,,,,,,
173,773.8693,5.6E2,5.3E1,5.6E2,8.34,8.29,8.38,3.3E1,773.1000,773.8880,,,UNKNOWN,,,,,,,,,,,,,,,,UNKNOWN,,,,,,,,,,,,,,,,UNKNOWN,,,,,,,,,,,,,,,773.8693,DETECTED,3.3E1,773.1000,773.8880,0.06,0.88,5.6E2,5.3E1,5.6E2,8.34,8.29,8.38,0.75,,,,UNKNOWN,,,,,,,,,,,,,,,,UNKNOWN,,,,,,,,,,,,,,
174,644.5928,1.4E3,3.5E2,1.4E3,8.42,8.38,8.57,1.6E2,644.2995,644.7998,,,UNKNOWN,,,,,,,,,,,,,,,,UNKNOWN,,,,,,,,,,,,,,,,UNKNOWN,,,,,,,,,,,,,,,644.5928,DETECTED,1.6E2,644.2995,644.7998,0.15,2.50,1.4E3,3.5E2,1.4E3,8.42,8.38,8.57,4.00,,,,UNKNOWN,,,,,,,,,,,,,,,,UNKNOWN,,,,,,,,,,,,,,
175,773.4383,1.2E3,6.3E1,1.2E3,8.43,8.38,8.51,8.4E1,773.2994,773.5916,,,UNKNOWN,,,,,,,,,,,,,,,,UNKNOWN,,,,,,,,,,,,,,,,UNKNOWN,,,,,,,,,,,,,,,773.4383,DETECTED,8.4E1,773.2994,773.5916,0.07,1.13,1.2E3,6.3E1,1.2E3,8.43,8.38,8.51,1.22,,,,UNKNOWN,,,,,,,,,,,,,,,,UNKNOWN,,,,,,,,,,,,,,
176,600.5349,6.3E3,5.1E1,6.3E3,8.50,8.43,8.59,3.8E2,600.5000,601.5804,,,UNKNOWN,,,,,,,,,,,,,,,,UNKNOWN,,,,,,,,,,,,,,,,UNKNOWN,,,,,,,,,,,,,,,600.5349,DETECTED,3.8E2,600.5000,601.5804,0.06,1.00,6.3E3,5.1E1,6.3E3,8.50,8.43,8.59,1.55,,,,UNKNOWN,,,,,,,,,,,,,,,,UNKNOWN,,,,,,,,,,,,,,
177,618.4888,1.6E5,5.1E1,1.6E5,8.50,8.39,8.65,1.1E4,617.9992,618.9000,1,,UNKNOWN,,,,,,,,,,,,,,,,UNKNOWN,,,,,,,,,,,,,,,,UNKNOWN,,,,,,,,,,,,,,,618.4888,DETECTED,1.1E4,617.9992,618.9000,0.06,1.11,1.6E5,5.1E1,1.6E5,8.50,8.39,8.65,1.19,3,1,,UNKNOWN,,,,,,,,,,,,,,,,UNKNOWN,,,,,,,,,,,,,,
178,636.5478,1.5E5,6.2E1,1.5E5,8.50,8.37,8.60,1.0E4,636.2849,636.8000,1,,UNKNOWN,,,,,,,,,,,,,,,,UNKNOWN,,,,,,,,,,,,,,,,UNKNOWN,,,,,,,,,,,,,,,636.5478,DETECTED,1.0E4,636.2849,636.8000,0.07,1.05,1.5E5,6.2E1,1.5E5,8.50,8.37,8.60,1.17,3,1,,UNKNOWN,,,,,,,,,,,,,,,,UNKNOWN,,,,,,,,,,,,,,
179,600.2168,1.7E3,4.2E2,1.7E3,8.52,8.51,8.56,4.0E1,600.1000,600.2957,,,UNKNOWN,,,,,,,,,,,,,,,,UNKNOWN,,,,,,,,,,,,,,,,UNKNOWN,,,,,,,,,,,,,,,600.2168,DETECTED,4.0E1,600.1000,600.2957,0.03,2.00,1.7E3,4.2E2,1.7E3,8.52,8.51,8.56,3.00,,,,UNKNOWN,,,,,,,,,,,,,,,,UNKNOWN,,,,,,,,,,,,,,
180,632.4960,4.5E3,5.1E1,4.5E3,8.72,8.63,8.82,3.9E2,632.4396,632.6931,1,,UNKNOWN,,,,,,,,,,,,,,,,UNKNOWN,,,,,,,,,,,,,,,,UNKNOWN,,,,,,,,,,,,,,,632.4960,DETECTED,3.9E2,632.4396,632.6931,0.08,0.93,4.5E3,5.1E1,4.5E3,8.72,8.63,8.82,0.96,2,1,,UNKNOWN,,,,,,,,,,,,,,,,UNKNOWN,,,,,,,,,,,,,,
181,650.7534,2.0E3,1.9E2,2.0E3,8.73,8.63,8.80,1.8E2,650.6450,650.9527,1,,UNKNOWN,,,,,,,,,,,,,,,,UNKNOWN,,,,,,,,,,,,,,,,UNKNOWN,,,,,,,,,,,,,,,650.7534,DETECTED,1.8E2,650.6450,650.9527,0.07,0.76,2.0E3,1.9E2,2.0E3,8.73,8.63,8.80,0.52,2,1,,UNKNOWN,,,,,,,,,,,,,,,,UNKNOWN,,,,,,,,,,,,,,
182,646.7816,3.1E3,5.2E1,3.1E3,8.96,8.90,9.07,1.8E2,646.2000,646.8026,,,UNKNOWN,,,,,,,,,,,,,,,,UNKNOWN,,,,,,,,,,,,,,,,UNKNOWN,,,,,,,,,,,,,,,646.7816,DETECTED,1.8E2,646.2000,646.8026,0.06,0.98,3.1E3,5.2E1,3.1E3,8.96,8.90,9.07,1.00,,,,UNKNOWN,,,,,,,,,,,,,,,,UNKNOWN,,,,,,,,,,,,,,
183,474.6011,1.8E3,5.0E1,1.8E3,9.78,9.73,9.83,1.0E2,474.3084,475.2000,,,UNKNOWN,,,,,,,,,,,,,,,,UNKNOWN,,,,,,,,,,,,,,,,UNKNOWN,,,,,,,,,,,,,,,474.6011,DETECTED,1.0E2,474.3084,475.2000,0.06,1.18,1.8E3,5.0E1,1.8E3,9.78,9.73,9.83,1.40,,,,UNKNOWN,,,,,,,,,,,,,,,,UNKNOWN,,,,,,,,,,,,,,
184,906.2999,7.5E2,2.3E2,7.5E2,0.65,0.61,0.70,4.3E1,906.1285,906.3000,,,UNKNOWN,,,,,,,,,,,,,,,,UNKNOWN,,,,,,,,,,,,,,,,UNKNOWN,,,,,,,,,,,,,,,,UNKNOWN,,,,,,,,,,,,,,,906.2999,DETECTED,4.3E1,906.1285,906.3000,0.06,1.17,7.5E2,2.3E2,7.5E2,0.65,0.61,0.70,1.33,,,,UNKNOWN,,,,,,,,,,,,,,
185,1140.0566,3.4E3,9.9E1,3.4E3,3.41,3.35,3.49,2.3E2,1139.5000,1140.6042,,,UNKNOWN,,,,,,,,,,,,,,,,UNKNOWN,,,,,,,,,,,,,,,,UNKNOWN,,,,,,,,,,,,,,,,UNKNOWN,,,,,,,,,,,,,,,1140.0566,DETECTED,2.3E2,1139.5000,1140.6042,0.07,0.90,3.4E3,9.9E1,3.4E3,3.41,3.35,3.49,0.75,,,,UNKNOWN,,,,,,,,,,,,,,
186,928.6998,1.8E3,3.5E2,1.8E3,3.80,3.75,3.84,1.0E2,928.6997,928.6998,,,UNKNOWN,,,,,,,,,,,,,,,,UNKNOWN,,,,,,,,,,,,,,,,UNKNOWN,,,,,,,,,,,,,,,,UNKNOWN,,,,,,,,,,,,,,,928.6998,DETECTED,1.0E2,928.6997,928.6998,0.07,0.88,1.8E3,3.5E2,1.8E3,3.80,3.75,3.84,0.95,,,,UNKNOWN,,,,,,,,,,,,,,
187,1022.8997,5.1E3,4.9E2,5.1E3,4.69,4.64,4.74,2.9E2,1022.8997,1023.0666,,,UNKNOWN,,,,,,,,,,,,,,,,UNKNOWN,,,,,,,,,,,,,,,,UNKNOWN,,,,,,,,,,,,,,,,UNKNOWN,,,,,,,,,,,,,,,1022.8997,DETECTED,2.9E2,1022.8997,1023.0666,0.06,0.89,5.1E3,4.9E2,5.1E3,4.69,4.64,4.74,0.75,,,,UNKNOWN,,,,,,,,,,,,,,
188,1010.6136,3.3E3,6.1E1,3.3E3,4.93,4.89,5.04,2.0E2,1010.4000,1011.1200,,,UNKNOWN,,,,,,,,,,,,,,,,UNKNOWN,,,,,,,,,,,,,,,,UNKNOWN,,,,,,,,,,,,,,,,UNKNOWN,,,,,,,,,,,,,,,1010.6136,DETECTED,2.0E2,1010.4000,1011.1200,0.06,1.34,3.3E3,6.1E1,3.3E3,4.93,4.89,5.04,1.35,,,,UNKNOWN,,,,,,,,,,,,,,
189,842.7097,1.1E3,5.2E1,1.1E3,4.99,4.95,5.05,6.4E1,842.3000,842.7241,,,UNKNOWN,,,,,,,,,,,,,,,,UNKNOWN,,,,,,,,,,,,,,,,UNKNOWN,,,,,,,,,,,,,,,,UNKNOWN,,,,,,,,,,,,,,,842.7097,DETECTED,6.4E1,842.3000,842.7241,0.06,1.16,1.1E3,5.2E1,1.1E3,4.99,4.95,5.05,1.27,,,,UNKNOWN,,,,,,,,,,,,,,
190,860.6737,1.1E4,5.1E2,1.1E4,5.00,4.93,5.06,6.5E2,860.6278,860.7886,1,,UNKNOWN,,,,,,,,,,,,,,,,UNKNOWN,,,,,,,,,,,,,,,,UNKNOWN,,,,,,,,,,,,,,,,UNKNOWN,,,,,,,,,,,,,,,860.6737,DETECTED,6.5E2,860.6278,860.7886,0.06,1.03,1.1E4,5.1E2,1.1E4,5.00,4.93,5.06,1.01,2,1,,UNKNOWN,,,,,,,,,,,,,,
191,848.6208,1.3E4,4.1E2,1.3E4,5.26,5.14,5.34,9.7E2,848.4148,848.6932,1,,UNKNOWN,,,,,,,,,,,,,,,,UNKNOWN,,,,,,,,,,,,,,,,UNKNOWN,,,,,,,,,,,,,,,,UNKNOWN,,,,,,,,,,,,,,,848.6208,DETECTED,9.7E2,848.4148,848.6932,0.06,0.83,1.3E4,4.1E2,1.3E4,5.26,5.14,5.34,0.68,2,1,,UNKNOWN,,,,,,,,,,,,,,
192,826.6972,6.7E2,5.1E1,6.7E2,5.71,5.63,5.75,4.0E1,826.6967,826.8076,,,UNKNOWN,,,,,,,,,,,,,,,,UNKNOWN,,,,,,,,,,,,,,,,UNKNOWN,,,,,,,,,,,,,,,,UNKNOWN,,,,,,,,,,,,,,,826.6972,DETECTED,4.0E1,826.6967,826.8076,0.06,0.54,6.7E2,5.1E1,6.7E2,5.71,5.63,5.75,0.77,,,,UNKNOWN,,,,,,,,,,,,,,
193,780.5104,1.6E3,5.0E1,1.6E3,5.86,5.80,5.95,9.5E1,780.4995,780.8000,,,UNKNOWN,,,,,,,,,,,,,,,,UNKNOWN,,,,,,,,,,,,,,,,UNKNOWN,,,,,,,,,,,,,,,,UNKNOWN,,,,,,,,,,,,,,,780.5104,DETECTED,9.5E1,780.4995,780.8000,0.06,0.94,1.6E3,5.0E1,1.6E3,5.86,5.80,5.95,0.72,,,,UNKNOWN,,,,,,,,,,,,,,
194,952.8948,1.2E3,5.2E1,1.2E3,6.86,6.80,6.91,7.0E1,952.5000,952.8990,,,UNKNOWN,,,,,,,,,,,,,,,,UNKNOWN,,,,,,,,,,,,,,,,UNKNOWN,,,,,,,,,,,,,,,,UNKNOWN,,,,,,,,,,,,,,,952.8948,DETECTED,7.0E1,952.5000,952.8990,0.06,0.87,1.2E3,5.2E1,1.2E3,6.86,6.80,6.91,0.71,,,,UNKNOWN,,,,,,,,,,,,,,
195,1121.1000,6.0E2,7.1E1,6.0E2,6.88,6.84,6.95,3.6E1,1121.0999,1121.1005,,,UNKNOWN,,,,,,,,,,,,,,,,UNKNOWN,,,,,,,,,,,,,,,,UNKNOWN,,,,,,,,,,,,,,,,UNKNOWN,,,,,,,,,,,,,,,1121.1000,DETECTED,3.6E1,1121.0999,1121.1005,0.06,1.33,6.0E2,7.1E1,6.0E2,6.88,6.84,6.95,1.36,,,,UNKNOWN,,,,,,,,,,,,,,
196,932.6866,1.2E3,3.4E2,1.2E3,7.08,7.04,7.13,6.6E1,932.5178,932.6948,,,UNKNOWN,,,,,,,,,,,,,,,,UNKNOWN,,,,,,,,,,,,,,,,UNKNOWN,,,,,,,,,,,,,,,,UNKNOWN,,,,,,,,,,,,,,,932.6866,DETECTED,6.6E1,932.5178,932.6948,0.06,1.17,1.2E3,3.4E2,1.2E3,7.08,7.04,7.13,1.33,,,,UNKNOWN,,,,,,,,,,,,,,
197,790.9001,6.2E2,2.4E2,6.2E2,7.13,7.09,7.18,3.6E1,790.9001,791.0600,,,UNKNOWN,,,,,,,,,,,,,,,,UNKNOWN,,,,,,,,,,,,,,,,UNKNOWN,,,,,,,,,,,,,,,,UNKNOWN,,,,,,,,,,,,,,,790.9001,DETECTED,3.6E1,790.9001,791.0600,0.06,1.17,6.2E2,2.4E2,6.2E2,7.13,7.09,7.18,1.33,,,,UNKNOWN,,,,,,,,,,,,,,
198,814.1998,5.5E2,8.7E1,5.5E2,7.13,7.09,7.19,3.3E1,814.1993,814.4857,,,UNKNOWN,,,,,,,,,,,,,,,,UNKNOWN,,,,,,,,,,,,,,,,UNKNOWN,,,,,,,,,,,,,,,,UNKNOWN,,,,,,,,,,,,,,,814.1998,DETECTED,3.3E1,814.1993,814.4857,0.06,1.33,5.5E2,8.7E1,5.5E2,7.13,7.09,7.19,1.44,,,,UNKNOWN,,,,,,,,,,,,,,
199,808.6117,3.0E3,3.1E2,3.0E3,7.15,7.09,7.22,2.0E2,808.5527,808.6924,,,UNKNOWN,,,,,,,,,,,,,,,,UNKNOWN,,,,,,,,,,,,,,,,UNKNOWN,,,,,,,,,,,,,,,,UNKNOWN,,,,,,,,,,,,,,,808.6117,DETECTED,2.0E2,808.5527,808.6924,0.07,1.00,3.0E3,3.1E2,3.0E3,7.15,7.09,7.22,1.25,,,,UNKNOWN,,,,,,,,,,,,,,
200,764.5000,9.4E2,2.0E2,9.4E2,7.18,7.11,7.24,6.8E1,764.3500,764.5004,,,UNKNOWN,,,,,,,,,,,,,,,,UNKNOWN,,,,,,,,,,,,,,,,UNKNOWN,,,,,,,,,,,,,,,,UNKNOWN,,,,,,,,,,,,,,,764.5000,DETECTED,6.8E1,764.3500,764.5004,0.07,1.00,9.4E2,2.0E2,9.4E2,7.18,7.11,7.24,1.00,,,,UNKNOWN,,,,,,,,,,,,,,
201,812.3202,2.5E3,2.0E2,2.5E3,7.21,7.13,7.27,1.8E2,812.2992,812.3998,,,UNKNOWN,,,,,,,,,,,,,,,,UNKNOWN,,,,,,,,,,,,,,,,UNKNOWN,,,,,,,,,,,,,,,,UNKNOWN,,,,,,,,,,,,,,,812.3202,DETECTED,1.8E2,812.2992,812.3998,0.07,0.98,2.5E3,2.0E2,2.5E3,7.21,7.13,7.27,1.03,,,,UNKNOWN,,,,,,,,,,,,,,
202,796.7261,2.0E3,1.6E2,2.0E3,7.34,7.27,7.40,1.3E2,796.6124,796.9000,,,UNKNOWN,,,,,,,,,,,,,,,,UNKNOWN,,,,,,,,,,,,,,,,UNKNOWN,,,,,,,,,,,,,,,,UNKNOWN,,,,,,,,,,,,,,,796.7261,DETECTED,1.3E2,796.6124,796.9000,0.06,1.00,2.0E3,1.6E2,2.0E3,7.34,7.27,7.40,1.07,,,,UNKNOWN,,,,,,,,,,,,,,
203,778.5101,1.6E3,9.0E1,1.6E3,7.36,7.30,7.41,9.5E1,778.3507,778.6038,,,UNKNOWN,,,,,,,,,,,,,,,,UNKNOWN,,,,,,,,,,,,,,,,UNKNOWN,,,,,,,,,,,,,,,,UNKNOWN,,,,,,,,,,,,,,,778.5101,DETECTED,9.5E1,778.3507,778.6038,0.06,1.00,1.6E3,9.0E1,1.6E3,7.36,7.30,7.41,0.84,,,,UNKNOWN,,,,,,,,,,,,,,
204,752.7405,3.5E3,3.7E2,3.5E3,7.39,7.34,7.45,2.1E2,752.6991,752.7915,,,UNKNOWN,,,,,,,,,,,,,,,,UNKNOWN,,,,,,,,,,,,,,,,UNKNOWN,,,,,,,,,,,,,,,,UNKNOWN,,,,,,,,,,,,,,,752.7405,DETECTED,2.1E2,752.6991,752.7915,0.06,1.13,3.5E3,3.7E2,3.5E3,7.39,7.34,7.45,1.33,,,,UNKNOWN,,,,,,,,,,,,,,
205,770.7429,2.9E3,2.3E2,2.9E3,7.40,7.32,7.45,2.0E2,770.6499,770.7989,,,UNKNOWN,,,,,,,,,,,,,,,,UNKNOWN,,,,,,,,,,,,,,,,UNKNOWN,,,,,,,,,,,,,,,,UNKNOWN,,,,,,,,,,,,,,,770.7429,DETECTED,2.0E2,770.6499,770.7989,0.07,0.88,2.9E3,2.3E2,2.9E3,7.40,7.32,7.45,0.84,,,,UNKNOWN,,,,,,,,,,,,,,
206,766.5961,1.2E3,5.8E1,1.2E3,7.63,7.58,7.69,6.9E1,766.4000,766.6018,,,UNKNOWN,,,,,,,,,,,,,,,,UNKNOWN,,,,,,,,,,,,,,,,UNKNOWN,,,,,,,,,,,,,,,,UNKNOWN,,,,,,,,,,,,,,,766.5961,DETECTED,6.9E1,766.4000,766.6018,0.07,0.87,1.2E3,5.8E1,1.2E3,7.63,7.58,7.69,0.72,,,,UNKNOWN,,,,,,,,,,,,,,
207,784.5018,5.1E3,5.1E1,5.1E3,7.63,7.56,7.71,3.2E2,783.9000,784.8000,1,,UNKNOWN,,,,,,,,,,,,,,,,UNKNOWN,,,,,,,,,,,,,,,,UNKNOWN,,,,,,,,,,,,,,,,UNKNOWN,,,,,,,,,,,,,,,784.5018,DETECTED,3.2E2,783.9000,784.8000,0.06,1.01,5.1E3,5.1E1,5.1E3,7.63,7.56,7.71,0.93,2,1,,UNKNOWN,,,,,,,,,,,,,,
208,792.7653,3.0E3,3.4E2,3.0E3,7.66,7.60,7.71,1.9E2,792.7435,792.7963,,,UNKNOWN,,,,,,,,,,,,,,,,UNKNOWN,,,,,,,,,,,,,,,,UNKNOWN,,,,,,,,,,,,,,,,UNKNOWN,,,,,,,,,,,,,,,792.7653,DETECTED,1.9E2,792.7435,792.7963,0.06,0.90,3.0E3,3.4E2,3.0E3,7.66,7.60,7.71,0.98,,,,UNKNOWN,,,,,,,,,,,,,,
209,810.4997,3.0E3,5.0E1,3.0E3,7.66,7.60,7.74,1.8E2,810.3000,810.8000,,,UNKNOWN,,,,,,,,,,,,,,,,UNKNOWN,,,,,,,,,,,,,,,,UNKNOWN,,,,,,,,,,,,,,,,UNKNOWN,,,,,,,,,,,,,,,810.4997,DETECTED,1.8E2,810.3000,810.8000,0.06,1.01,3.0E3,5.0E1,3.0E3,7.66,7.60,7.74,1.04,,,,UNKNOWN,,,,,,,,,,,,,,
210,812.6148,1.6E3,5.1E1,1.6E3,7.66,7.61,7.74,1.0E2,811.7242,812.8000,,,UNKNOWN,,,,,,,,,,,,,,,,UNKNOWN,,,,,,,,,,,,,,,,UNKNOWN,,,,,,,,,,,,,,,,UNKNOWN,,,,,,,,,,,,,,,812.6148,DETECTED,1.0E2,811.7242,812.8000,0.06,1.51,1.6E3,5.1E1,1.6E3,7.66,7.61,7.74,1.88,,,,UNKNOWN,,,,,,,,,,,,,,
211,796.5232,3.8E3,6.0E2,3.8E3,7.75,7.65,7.80,2.9E2,796.4901,796.6124,,,UNKNOWN,,,,,,,,,,,,,,,,UNKNOWN,,,,,,,,,,,,,,,,UNKNOWN,,,,,,,,,,,,,,,,UNKNOWN,,,,,,,,,,,,,,,796.5232,DETECTED,2.9E2,796.4901,796.6124,0.06,0.75,3.8E3,6.0E2,3.8E3,7.75,7.65,7.80,0.54,,,,UNKNOWN,,,,,,,,,,,,,,
212,780.8095,2.7E3,8.1E1,2.7E3,7.87,7.79,7.93,1.9E2,780.4000,781.3030,1,,UNKNOWN,,,,,,,,,,,,,,,,UNKNOWN,,,,,,,,,,,,,,,,UNKNOWN,,,,,,,,,,,,,,,,UNKNOWN,,,,,,,,,,,,,,,780.8095,DETECTED,1.9E2,780.4000,781.3030,0.07,0.82,2.7E3,8.1E1,2.7E3,7.87,7.79,7.93,0.69,2,1,,UNKNOWN,,,,,,,,,,,,,,
213,798.8079,1.5E4,1.1E2,1.5E4,7.87,7.79,7.95,9.3E2,798.6556,799.0659,1,,UNKNOWN,,,,,,,,,,,,,,,,UNKNOWN,,,,,,,,,,,,,,,,UNKNOWN,,,,,,,,,,,,,,,,UNKNOWN,,,,,,,,,,,,,,,798.8079,DETECTED,9.3E2,798.6556,799.0659,0.06,0.97,1.5E4,1.1E2,1.5E4,7.87,7.79,7.95,0.94,2,1,,UNKNOWN,,,,,,,,,,,,,,
214,871.5999,1.4E3,2.9E2,1.4E3,8.19,8.15,8.24,7.9E1,871.5998,871.6312,,,UNKNOWN,,,,,,,,,,,,,,,,UNKNOWN,,,,,,,,,,,,,,,,UNKNOWN,,,,,,,,,,,,,,,,UNKNOWN,,,,,,,,,,,,,,,871.5999,DETECTED,7.9E1,871.5998,871.6312,0.07,1.17,1.4E3,2.9E2,1.4E3,8.19,8.15,8.24,1.33,,,,UNKNOWN,,,,,,,,,,,,,,
215,799.3089,5.2E2,5.8E1,5.2E2,8.28,8.23,8.31,2.5E1,799.0659,799.5000,,,UNKNOWN,,,,,,,,,,,,,,,,UNKNOWN,,,,,,,,,,,,,,,,UNKNOWN,,,,,,,,,,,,,,,,UNKNOWN,,,,,,,,,,,,,,,799.3089,DETECTED,2.5E1,799.0659,799.5000,0.12,0.75,5.2E2,5.8E1,5.2E2,8.28,8.23,8.31,0.66,,,,UNKNOWN,,,,,,,,,,,,,,
216,799.7881,3.7E3,5.3E1,3.7E3,8.32,8.26,8.43,2.7E2,799.6420,799.9260,,,UNKNOWN,,,,,,,,,,,,,,,,UNKNOWN,,,,,,,,,,,,,,,,UNKNOWN,,,,,,,,,,,,,,,,UNKNOWN,,,,,,,,,,,,,,,799.7881,DETECTED,2.7E2,799.6420,799.9260,0.06,1.15,3.7E3,5.3E1,3.7E3,8.32,8.26,8.43,0.95,,,,UNKNOWN,,,,,,,,,,,,,,
217,799.3876,7.6E2,1.2E2,7.6E2,8.36,8.31,8.45,3.3E1,799.0659,799.4054,,,UNKNOWN,,,,,,,,,,,,,,,,UNKNOWN,,,,,,,,,,,,,,,,UNKNOWN,,,,,,,,,,,,,,,,UNKNOWN,,,,,,,,,,,,,,,799.3876,DETECTED,3.3E1,799.0659,799.4054,0.09,1.38,7.6E2,1.2E2,7.6E2,8.36,8.31,8.45,1.69,,,,UNKNOWN,,,,,,,,,,,,,,
218,773.4493,2.0E3,2.0E2,2.0E3,8.40,8.28,8.50,2.2E2,773.2032,773.7308,,,UNKNOWN,,,,,,,,,,,,,,,,UNKNOWN,,,,,,,,,,,,,,,,UNKNOWN,,,,,,,,,,,,,,,,UNKNOWN,,,,,,,,,,,,,,,773.4493,DETECTED,2.2E2,773.2032,773.7308,0.06,0.97,2.0E3,2.0E2,2.0E3,8.40,8.28,8.50,1.00,,,,UNKNOWN,,,,,,,,,,,,,,
219,821.7952,1.8E3,6.9E1,1.8E3,8.43,8.34,8.48,1.1E2,821.6356,821.8001,,,UNKNOWN,,,,,,,,,,,,,,,,UNKNOWN,,,,,,,,,,,,,,,,UNKNOWN,,,,,,,,,,,,,,,,UNKNOWN,,,,,,,,,,,,,,,821.7952,DETECTED,1.1E2,821.6356,821.8001,0.06,0.93,1.8E3,6.9E1,1.8E3,8.43,8.34,8.48,1.05,,,,UNKNOWN,,,,,,,,,,,,,,
220,800.5778,1.2E3,3.7E2,1.2E3,8.44,8.36,8.49,1.0E2,800.4969,800.7009,,,UNKNOWN,,,,,,,,,,,,,,,,UNKNOWN,,,,,,,,,,,,,,,,UNKNOWN,,,,,,,,,,,,,,,,UNKNOWN,,,,,,,,,,,,,,,800.5778,DETECTED,1.0E2,800.4969,800.7009,0.10,0.83,1.2E3,3.7E2,1.2E3,8.44,8.36,8.49,0.67,,,,UNKNOWN,,,,,,,,,,,,,,
221,836.4999,8.4E2,1.9E2,8.4E2,8.57,8.53,8.62,4.8E1,836.4062,836.5000,,,UNKNOWN,,,,,,,,,,,,,,,,UNKNOWN,,,,,,,,,,,,,,,,UNKNOWN,,,,,,,,,,,,,,,,UNKNOWN,,,,,,,,,,,,,,,836.4999,DETECTED,4.8E1,836.4062,836.5000,0.07,1.17,8.4E2,1.9E2,8.4E2,8.57,8.53,8.62,1.33,,,,UNKNOWN,,,,,,,,,,,,,,
222,787.1272,1.5E3,9.9E1,1.5E3,8.70,8.62,8.74,9.1E1,787.0980,787.7026,,,UNKNOWN,,,,,,,,,,,,,,,,UNKNOWN,,,,,,,,,,,,,,,,UNKNOWN,,,,,,,,,,,,,,,,UNKNOWN,,,,,,,,,,,,,,,787.1272,DETECTED,9.1E1,787.0980,787.7026,0.06,0.79,1.5E3,9.9E1,1.5E3,8.70,8.62,8.74,0.65,,,,UNKNOWN,,,,,,,,,,,,,,
223,773.6983,1.6E3,5.6E1,1.6E3,8.75,8.71,8.80,9.4E1,773.4737,773.6994,,,UNKNOWN,,,,,,,,,,,,,,,,UNKNOWN,,,,,,,,,,,,,,,,UNKNOWN,,,,,,,,,,,,,,,,UNKNOWN,,,,,,,,,,,,,,,773.6983,DETECTED,9.4E1,773.4737,773.6994,0.06,1.17,1.6E3,5.6E1,1.6E3,8.75,8.71,8.80,1.33,,,,UNKNOWN,,,,,,,,,,,,,,
224,787.5917,1.4E3,5.1E1,1.4E3,8.85,8.82,8.93,8.2E1,787.1000,787.6003,,,UNKNOWN,,,,,,,,,,,,,,,,UNKNOWN,,,,,,,,,,,,,,,,UNKNOWN,,,,,,,,,,,,,,,,UNKNOWN,,,,,,,,,,,,,,,787.5917,DETECTED,8.2E1,787.1000,787.6003,0.06,1.16,1.4E3,5.1E1,1.4E3,8.85,8.82,8.93,1.27,,,,UNKNOWN,,,,,,,,,,,,,,
225,799.5968,8.7E2,2.6E2,8.7E2,8.88,8.84,8.93,5.0E1,799.5964,799.7884,,,UNKNOWN,,,,,,,,,,,,,,,,UNKNOWN,,,,,,,,,,,,,,,,UNKNOWN,,,,,,,,,,,,,,,,UNKNOWN,,,,,,,,,,,,,,,799.5968,DETECTED,5.0E1,799.5964,799.7884,0.06,1.17,8.7E2,2.6E2,8.7E2,8.88,8.84,8.93,1.33,,,,UNKNOWN,,,,,,,,,,,,,,
226,814.4999,8.4E2,2.6E2,8.4E2,9.24,9.21,9.30,4.8E1,814.4857,814.5000,,,UNKNOWN,,,,,,,,,,,,,,,,UNKNOWN,,,,,,,,,,,,,,,,UNKNOWN,,,,,,,,,,,,,,,,UNKNOWN,,,,,,,,,,,,,,,814.4999,DETECTED,4.8E1,814.4857,814.5000,0.06,1.17,8.4E2,2.6E2,8.4E2,9.24,9.21,9.30,1.33,,,,UNKNOWN,,,,,,,,,,,,,,
227,801.7407,5.6E2,6.8E1,5.6E2,9.30,9.23,9.41,4.1E1,801.5424,801.7972,,,UNKNOWN,,,,,,,,,,,,,,,,UNKNOWN,,,,,,,,,,,,,,,,UNKNOWN,,,,,,,,,,,,,,,,UNKNOWN,,,,,,,,,,,,,,,801.7407,DETECTED,4.1E1,801.5424,801.7972,0.07,1.40,5.6E2,6.8E1,5.6E2,9.30,9.23,9.41,1.65,,,,UNKNOWN,,,,,,,,,,,,,,
228,1052.7000,1.3E3,2.8E2,1.3E3,9.62,9.57,9.66,7.4E1,1052.6998,1052.7454,,,UNKNOWN,,,,,,,,,,,,,,,,UNKNOWN,,,,,,,,,,,,,,,,UNKNOWN,,,,,,,,,,,,,,,,UNKNOWN,,,,,,,,,,,,,,,1052.7000,DETECTED,7.4E1,1052.6998,1052.7454,0.07,0.88,1.3E3,2.8E2,1.3E3,9.62,9.57,9.66,0.75,,,,UNKNOWN,,,,,,,,,,,,,,
229,801.6553,1.2E3,5.2E1,1.2E3,9.72,9.59,9.83,1.1E2,801.4000,801.8106,,,UNKNOWN,,,,,,,,,,,,,,,,UNKNOWN,,,,,,,,,,,,,,,,UNKNOWN,,,,,,,,,,,,,,,,UNKNOWN,,,,,,,,,,,,,,,801.6553,DETECTED,1.1E2,801.4000,801.8106,0.15,2.24,1.2E3,5.2E1,1.2E3,9.72,9.59,9.83,61.40,,,,UNKNOWN,,,,,,,,,,,,,,
230,464.0000,7.6E2,2.8E2,7.6E2,0.22,0.18,0.27,4.4E1,463.9999,464.0858,,,UNKNOWN,,,,,,,,,,,,,,,,UNKNOWN,,,,,,,,,,,,,,,,UNKNOWN,,,,,,,,,,,,,,,,UNKNOWN,,,,,,,,,,,,,,,,UNKNOWN,,,,,,,,,,,,,,,464.0000,DETECTED,4.4E1,463.9999,464.0858,0.06,1.17,7.6E2,2.8E2,7.6E2,0.22,0.18,0.27,1.33,,
231,659.8996,6.1E2,1.8E2,6.1E2,0.62,0.58,0.67,3.5E1,659.7936,659.8996,,,UNKNOWN,,,,,,,,,,,,,,,,UNKNOWN,,,,,,,,,,,,,,,,UNKNOWN,,,,,,,,,,,,,,,,UNKNOWN,,,,,,,,,,,,,,,,UNKNOWN,,,,,,,,,,,,,,,659.8996,DETECTED,3.5E1,659.7936,659.8996,0.06,1.17,6.1E2,1.8E2,6.1E2,0.62,0.58,0.67,1.33,,
232,495.7968,8.3E2,5.2E1,8.3E2,0.64,0.58,0.70,4.9E1,495.7000,495.8761,,,UNKNOWN,,,,,,,,,,,,,,,,UNKNOWN,,,,,,,,,,,,,,,,UNKNOWN,,,,,,,,,,,,,,,,UNKNOWN,,,,,,,,,,,,,,,,UNKNOWN,,,,,,,,,,,,,,,495.7968,DETECTED,4.9E1,495.7000,495.8761,0.06,1.72,8.3E2,5.2E1,8.3E2,0.64,0.58,0.70,0.73,,
233,408.0986,1.1E3,3.5E2,1.1E3,1.97,1.92,2.01,6.0E1,408.0790,408.0990,,,UNKNOWN,,,,,,,,,,,,,,,,UNKNOWN,,,,,,,,,,,,,,,,UNKNOWN,,,,,,,,,,,,,,,,UNKNOWN,,,,,,,,,,,,,,,,UNKNOWN,,,,,,,,,,,,,,,408.0986,DETECTED,6.0E1,408.0790,408.0990,0.06,0.87,1.1E3,3.5E2,1.1E3,1.97,1.92,2.01,0.75,,
234,474.6000,2.2E3,7.6E2,2.2E3,2.61,2.57,2.66,1.2E2,474.2114,474.6001,,,UNKNOWN,,,,,,,,,,,,,,,,UNKNOWN,,,,,,,,,,,,,,,,UNKNOWN,,,,,,,,,,,,,,,,UNKNOWN,,,,,,,,,,,,,,,,UNKNOWN,,,,,,,,,,,,,,,474.6000,DETECTED,1.2E2,474.2114,474.6001,0.06,1.17,2.2E3,7.6E2,2.2E3,2.61,2.57,2.66,1.33,,
235,619.2993,1.1E3,4.2E2,1.1E3,3.37,3.32,3.41,6.6E1,619.2990,619.6188,,,UNKNOWN,,,,,,,,,,,,,,,,UNKNOWN,,,,,,,,,,,,,,,,UNKNOWN,,,,,,,,,,,,,,,,UNKNOWN,,,,,,,,,,,,,,,,UNKNOWN,,,,,,,,,,,,,,,619.2993,DETECTED,6.6E1,619.2990,619.6188,0.06,0.88,1.1E3,4.2E2,1.1E3,3.37,3.32,3.41,0.75,,
236,506.3399,1.4E3,1.4E2,1.4E3,3.42,3.37,3.48,8.4E1,506.2919,506.4994,,,UNKNOWN,,,,,,,,,,,,,,,,UNKNOWN,,,,,,,,,,,,,,,,UNKNOWN,,,,,,,,,,,,,,,,UNKNOWN,,,,,,,,,,,,,,,,UNKNOWN,,,,,,,,,,,,,,,506.3399,DETECTED,8.4E1,506.2919,506.4994,0.06,1.00,1.4E3,1.4E2,1.4E3,3.42,3.37,3.48,0.75,,
237,474.1007,1.4E3,5.6E1,1.4E3,3.50,3.46,3.55,8.0E1,474.0969,474.3000,,,UNKNOWN,,,,,,,,,,,,,,,,UNKNOWN,,,,,,,,,,,,,,,,UNKNOWN,,,,,,,,,,,,,,,,UNKNOWN,,,,,,,,,,,,,,,,UNKNOWN,,,,,,,,,,,,,,,474.1007,DETECTED,8.0E1,474.0969,474.3000,0.06,1.17,1.4E3,5.6E1,1.4E3,3.50,3.46,3.55,1.33,,
238,474.2615,2.3E3,5.3E1,2.3E3,3.63,3.58,3.75,2.0E2,473.9996,474.4000,,,UNKNOWN,,,,,,,,,,,,,,,,UNKNOWN,,,,,,,,,,,,,,,,UNKNOWN,,,,,,,,,,,,,,,,UNKNOWN,,,,,,,,,,,,,,,,UNKNOWN,,,,,,,,,,,,,,,474.2615,DETECTED,2.0E2,473.9996,474.4000,0.09,1.63,2.3E3,5.3E1,2.3E3,3.63,3.58,3.75,2.93,,
239,619.8001,1.5E3,4.6E2,1.5E3,3.78,3.74,3.83,8.6E1,619.6188,619.8002,,,UNKNOWN,,,,,,,,,,,,,,,,UNKNOWN,,,,,,,,,,,,,,,,UNKNOWN,,,,,,,,,,,,,,,,UNKNOWN,,,,,,,,,,,,,,,,UNKNOWN,,,,,,,,,,,,,,,619.8001,DETECTED,8.6E1,619.6188,619.8002,0.06,1.17,1.5E3,4.6E2,1.5E3,3.78,3.74,3.83,1.33,,
240,619.4018,1.1E3,3.3E2,1.1E3,3.89,3.85,3.94,6.4E1,619.4017,619.6188,,,UNKNOWN,,,,,,,,,,,,,,,,UNKNOWN,,,,,,,,,,,,,,,,UNKNOWN,,,,,,,,,,,,,,,,UNKNOWN,,,,,,,,,,,,,,,,UNKNOWN,,,,,,,,,,,,,,,619.4018,DETECTED,6.4E1,619.4017,619.6188,0.06,1.17,1.1E3,3.3E2,1.1E3,3.89,3.85,3.94,1.33,,
241,474.1611,2.6E3,5.2E1,2.6E3,3.98,3.94,4.13,2.7E2,473.9900,474.5031,,,UNKNOWN,,,,,,,,,,,,,,,,UNKNOWN,,,,,,,,,,,,,,,,UNKNOWN,,,,,,,,,,,,,,,,UNKNOWN,,,,,,,,,,,,,,,,UNKNOWN,,,,,,,,,,,,,,,474.1611,DETECTED,2.7E2,473.9900,474.5031,0.13,2.33,2.6E3,5.2E1,2.6E3,3.98,3.94,4.13,3.38,,
242,568.0001,8.8E2,2.1E2,8.8E2,4.11,4.06,4.15,5.0E1,567.9999,568.0006,,,UNKNOWN,,,,,,,,,,,,,,,,UNKNOWN,,,,,,,,,,,,,,,,UNKNOWN,,,,,,,,,,,,,,,,UNKNOWN,,,,,,,,,,,,,,,,UNKNOWN,,,,,,,,,,,,,,,568.0001,DETECTED,5.0E1,567.9999,568.0006,0.06,0.88,8.8E2,2.1E2,8.8E2,4.11,4.06,4.15,0.75,,
243,569.3877,2.6E3,1.4E2,2.6E3,4.14,4.09,4.19,1.5E2,569.0958,569.4051,,,UNKNOWN,,,,,,,,,,,,,,,,UNKNOWN,,,,,,,,,,,,,,,,UNKNOWN,,,,,,,,,,,,,,,,UNKNOWN,,,,,,,,,,,,,,,,UNKNOWN,,,,,,,,,,,,,,,569.3877,DETECTED,1.5E2,569.0958,569.4051,0.06,0.88,2.6E3,1.4E2,2.6E3,4.14,4.09,4.19,0.72,,
244,474.2873,1.3E3,4.5E2,1.3E3,4.27,4.20,4.32,1.1E2,473.7996,474.5000,,,UNKNOWN,,,,,,,,,,,,,,,,UNKNOWN,,,,,,,,,,,,,,,,UNKNOWN,,,,,,,,,,,,,,,,UNKNOWN,,,,,,,,,,,,,,,,UNKNOWN,,,,,,,,,,,,,,,474.2873,DETECTED,1.1E2,473.7996,474.5000,0.11,0.90,1.3E3,4.5E2,1.3E3,4.27,4.20,4.32,0.80,,
245,534.0998,1.8E3,5.4E2,1.8E3,4.27,4.23,4.32,1.0E2,534.0997,534.4672,,,UNKNOWN,,,,,,,,,,,,,,,,UNKNOWN,,,,,,,,,,,,,,,,UNKNOWN,,,,,,,,,,,,,,,,UNKNOWN,,,,,,,,,,,,,,,,UNKNOWN,,,,,,,,,,,,,,,534.0998,DETECTED,1.0E2,534.0997,534.4672,0.06,1.17,1.8E3,5.4E2,1.8E3,4.27,4.23,4.32,1.33,,
246,474.2879,1.3E3,5.4E1,1.3E3,4.48,4.36,4.61,1.7E2,474.0938,474.5000,,,UNKNOWN,,,,,,,,,,,,,,,,UNKNOWN,,,,,,,,,,,,,,,,UNKNOWN,,,,,,,,,,,,,,,,UNKNOWN,,,,,,,,,,,,,,,,UNKNOWN,,,,,,,,,,,,,,,474.2879,DETECTED,1.7E2,474.0938,474.5000,0.12,1.06,1.3E3,5.4E1,1.3E3,4.48,4.36,4.61,1.02,,
247,504.3001,7.5E2,2.5E2,7.5E2,4.75,4.70,4.79,4.3E1,504.3000,504.3004,,,UNKNOWN,,,,,,,,,,,,,,,,UNKNOWN,,,,,,,,,,,,,,,,UNKNOWN,,,,,,,,,,,,,,,,UNKNOWN,,,,,,,,,,,,,,,,UNKNOWN,,,,,,,,,,,,,,,504.3001,DETECTED,4.3E1,504.3000,504.3004,0.06,0.87,7.5E2,2.5E2,7.5E2,4.75,4.70,4.79,0.75,,
248,588.4000,6.8E2,2.7E2,6.8E2,4.83,4.77,4.86,4.0E1,588.3993,588.5183,,,UNKNOWN,,,,,,,,,,,,,,,,UNKNOWN,,,,,,,,,,,,,,,,UNKNOWN,,,,,,,,,,,,,,,,UNKNOWN,,,,,,,,,,,,,,,,UNKNOWN,,,,,,,,,,,,,,,588.4000,DETECTED,4.0E1,588.3993,588.5183,0.06,0.88,6.8E2,2.7E2,6.8E2,4.83,4.77,4.86,0.75,,
249,587.3998,3.9E3,2.9E2,3.9E3,4.90,4.81,4.94,3.2E2,587.2073,587.6000,,,UNKNOWN,,,,,,,,,,,,,,,,UNKNOWN,,,,,,,,,,,,,,,,UNKNOWN,,,,,,,,,,,,,,,,UNKNOWN,,,,,,,,,,,,,,,,UNKNOWN,,,,,,,,,,,,,,,587.3998,DETECTED,3.2E2,587.2073,587.6000,0.10,0.71,3.9E3,2.9E2,3.9E3,4.90,4.81,4.94,0.49,,
250,588.5865,1.8E3,5.1E1,1.8E3,4.97,4.92,5.06,1.1E2,588.5000,588.5927,,,UNKNOWN,,,,,,,,,,,,,,,,UNKNOWN,,,,,,,,,,,,,,,,UNKNOWN,,,,,,,,,,,,,,,,UNKNOWN,,,,,,,,,,,,,,,,UNKNOWN,,,,,,,,,,,,,,,588.5865,DETECTED,1.1E2,588.5000,588.5927,0.07,1.16,1.8E3,5.1E1,1.8E3,4.97,4.92,5.06,1.28,,
251,587.3342,5.0E3,1.4E3,5.0E3,5.02,4.94,5.12,6.0E2,587.2165,587.5000,,,UNKNOWN,,,,,,,,,,,,,,,,UNKNOWN,,,,,,,,,,,,,,,,UNKNOWN,,,,,,,,,,,,,,,,UNKNOWN,,,,,,,,,,,,,,,,UNKNOWN,,,,,,,,,,,,,,,587.3342,DETECTED,6.0E2,587.2165,587.5000,0.13,1.17,5.0E3,1.4E3,5.0E3,5.02,4.94,5.12,1.33,,
252,628.7696,7.9E2,5.0E1,7.9E2,5.07,5.01,5.14,5.0E1,628.3000,628.8004,,,UNKNOWN,,,,,,,,,,,,,,,,UNKNOWN,,,,,,,,,,,,,,,,UNKNOWN,,,,,,,,,,,,,,,,UNKNOWN,,,,,,,,,,,,,,,,UNKNOWN,,,,,,,,,,,,,,,628.7696,DETECTED,5.0E1,628.3000,628.8004,0.06,0.91,7.9E2,5.0E1,7.9E2,5.07,5.01,5.14,0.87,,
253,587.4699,5.1E3,1.5E3,5.1E3,5.20,5.12,5.27,4.6E2,587.3436,587.9000,1,,UNKNOWN,,,,,,,,,,,,,,,,UNKNOWN,,,,,,,,,,,,,,,,UNKNOWN,,,,,,,,,,,,,,,,UNKNOWN,,,,,,,,,,,,,,,,UNKNOWN,,,,,,,,,,,,,,,587.4699,DETECTED,4.6E2,587.3436,587.9000,0.09,0.92,5.1E3,1.5E3,5.1E3,5.20,5.12,5.27,0.83,2,1
254,506.4422,2.0E3,5.1E1,2.0E3,5.25,5.20,5.32,1.2E2,506.0000,506.4972,,,UNKNOWN,,,,,,,,,,,,,,,,UNKNOWN,,,,,,,,,,,,,,,,UNKNOWN,,,,,,,,,,,,,,,,UNKNOWN,,,,,,,,,,,,,,,,UNKNOWN,,,,,,,,,,,,,,,506.4422,DETECTED,1.2E2,506.0000,506.4972,0.06,0.99,2.0E3,5.1E1,2.0E3,5.25,5.20,5.32,1.15,,
255,587.2389,2.7E3,5.1E1,2.7E3,5.41,5.36,5.53,1.8E2,586.8000,587.6985,,,UNKNOWN,,,,,,,,,,,,,,,,UNKNOWN,,,,,,,,,,,,,,,,UNKNOWN,,,,,,,,,,,,,,,,UNKNOWN,,,,,,,,,,,,,,,,UNKNOWN,,,,,,,,,,,,,,,587.2389,DETECTED,1.8E2,586.8000,587.6985,0.06,1.26,2.7E3,5.1E1,2.7E3,5.41,5.36,5.53,1.40,,
256,761.2712,1.2E3,5.2E1,1.2E3,5.45,5.29,5.53,9.6E1,761.1012,761.7000,,,UNKNOWN,,,,,,,,,,,,,,,,UNKNOWN,,,,,,,,,,,,,,,,UNKNOWN,,,,,,,,,,,,,,,,UNKNOWN,,,,,,,,,,,,,,,,UNKNOWN,,,,,,,,,,,,,,,761.2712,DETECTED,9.6E1,761.1012,761.7000,0.06,0.86,1.2E3,5.2E1,1.2E3,5.45,5.29,5.53,2.91,,
257,684.7900,6.0E2,7.5E1,6.0E2,5.46,5.40,5.50,3.6E1,684.7312,684.8000,,,UNKNOWN,,,,,,,,,,,,,,,,UNKNOWN,,,,,,,,,,,,,,,,UNKNOWN,,,,,,,,,,,,,,,,UNKNOWN,,,,,,,,,,,,,,,,UNKNOWN,,,,,,,,,,,,,,,684.7900,DETECTED,3.6E1,684.7312,684.8000,0.06,0.80,6.0E2,7.5E1,6.0E2,5.46,5.40,5.50,0.73,,
258,702.6997,1.5E3,4.9E2,1.5E3,5.46,5.42,5.51,8.8E1,702.6996,702.8362,,,UNKNOWN,,,,,,,,,,,,,,,,UNKNOWN,,,,,,,,,,,,,,,,UNKNOWN,,,,,,,,,,,,,,,,UNKNOWN,,,,,,,,,,,,,,,,UNKNOWN,,,,,,,,,,,,,,,702.6997,DETECTED,8.8E1,702.6996,702.8362,0.06,1.17,1.5E3,4.9E2,1.5E3,5.46,5.42,5.51,1.33,,
259,770.6461,7.0E2,2.7E2,7.0E2,5.49,5.44,5.53,4.1E1,770.4424,770.6704,,,UNKNOWN,,,,,,,,,,,,,,,,UNKNOWN,,,,,,,,,,,,,,,,UNKNOWN,,,,,,,,,,,,,,,,UNKNOWN,,,,,,,,,,,,,,,,UNKNOWN,,,,,,,,,,,,,,,770.6461,DETECTED,4.1E1,770.4424,770.6704,0.06,0.88,7.0E2,2.7E2,7.0E2,5.49,5.44,5.53,0.75,,
260,474.1614,9.1E2,1.2E2,9.1E2,5.51,5.40,5.57,7.5E1,474.1003,474.2999,,,UNKNOWN,,,,,,,,,,,,,,,,UNKNOWN,,,,,,,,,,,,,,,,UNKNOWN,,,,,,,,,,,,,,,,UNKNOWN,,,,,,,,,,,,,,,,UNKNOWN,,,,,,,,,,,,,,,474.1614,DETECTED,7.5E1,474.1003,474.2999,0.06,0.72,9.1E2,1.2E2,9.1E2,5.51,5.40,5.57,0.49,,
261,617.5992,1.9E3,4.1E2,1.9E3,5.53,5.47,5.57,1.1E2,617.4702,617.5996,,,UNKNOWN,,,,,,,,,,,,,,,,UNKNOWN,,,,,,,,,,,,,,,,UNKNOWN,,,,,,,,,,,,,,,,UNKNOWN,,,,,,,,,,,,,,,,UNKNOWN,,,,,,,,,,,,,,,617.5992,DETECTED,1.1E2,617.4702,617.5996,0.07,0.88,1.9E3,4.1E2,1.9E3,5.53,5.47,5.57,0.75,,
262,647.2698,1.0E3,5.1E1,1.0E3,5.63,5.57,5.73,6.6E1,647.1991,647.7005,,,UNKNOWN,,,,,,,,,,,,,,,,UNKNOWN,,,,,,,,,,,,,,,,UNKNOWN,,,,,,,,,,,,,,,,UNKNOWN,,,,,,,,,,,,,,,,UNKNOWN,,,,,,,,,,,,,,,647.2698,DETECTED,6.6E1,647.1991,647.7005,0.06,1.51,1.0E3,5.1E1,1.0E3,5.63,5.57,5.73,1.86,,
263,506.5946,7.8E2,5.4E1,7.8E2,5.66,5.60,5.71,4.6E1,506.4000,506.5992,,,UNKNOWN,,,,,,,,,,,,,,,,UNKNOWN,,,,,,,,,,,,,,,,UNKNOWN,,,,,,,,,,,,,,,,UNKNOWN,,,,,,,,,,,,,,,,UNKNOWN,,,,,,,,,,,,,,,506.5946,DETECTED,4.6E1,506.4000,506.5992,0.06,0.88,7.8E2,5.4E1,7.8E2,5.66,5.60,5.71,0.73,,
264,784.4073,5.1E2,6.1E1,5.1E2,5.66,5.62,5.72,3.0E1,784.4004,784.5377,,,UNKNOWN,,,,,,,,,,,,,,,,UNKNOWN,,,,,,,,,,,,,,,,UNKNOWN,,,,,,,,,,,,,,,,UNKNOWN,,,,,,,,,,,,,,,,UNKNOWN,,,,,,,,,,,,,,,784.4073,DETECTED,3.0E1,784.4004,784.5377,0.06,1.33,5.1E2,6.1E1,5.1E2,5.66,5.62,5.72,1.36,,
265,668.3660,2.6E3,4.1E2,2.6E3,5.67,5.60,5.73,1.7E2,668.3049,668.3936,,,UNKNOWN,,,,,,,,,,,,,,,,UNKNOWN,,,,,,,,,,,,,,,,UNKNOWN,,,,,,,,,,,,,,,,UNKNOWN,,,,,,,,,,,,,,,,UNKNOWN,,,,,,,,,,,,,,,668.3660,DETECTED,1.7E2,668.3049,668.3936,0.07,1.00,2.6E3,4.1E2,2.6E3,5.67,5.60,5.73,1.06,,
266,686.4495,7.8E3,4.5E2,7.8E3,5.67,5.60,5.73,4.9E2,686.1953,686.6983,1,,UNKNOWN,,,,,,,,,,,,,,,,UNKNOWN,,,,,,,,,,,,,,,,UNKNOWN,,,,,,,,,,,,,,,,UNKNOWN,,,,,,,,,,,,,,,,UNKNOWN,,,,,,,,,,,,,,,686.4495,DETECTED,4.9E2,686.1953,686.6983,0.06,0.90,7.8E3,4.5E2,7.8E3,5.67,5.60,5.73,0.91,2,1
267,587.4466,2.5E3,8.6E1,2.5E3,5.68,5.58,5.76,2.3E2,587.2992,587.4954,,,UNKNOWN,,,,,,,,,,,,,,,,UNKNOWN,,,,,,,,,,,,,,,,UNKNOWN,,,,,,,,,,,,,,,,UNKNOWN,,,,,,,,,,,,,,,,UNKNOWN,,,,,,,,,,,,,,,587.4466,DETECTED,2.3E2,587.2992,587.4954,0.10,0.84,2.5E3,8.6E1,2.5E3,5.68,5.58,5.76,0.68,,
268,745.5355,3.9E3,5.1E1,3.9E3,5.68,5.49,5.76,3.8E2,745.4118,745.7131,1,,UNKNOWN,,,,,,,,,,,,,,,,UNKNOWN,,,,,,,,,,,,,,,,UNKNOWN,,,,,,,,,,,,,,,,UNKNOWN,,,,,,,,,,,,,,,,UNKNOWN,,,,,,,,,,,,,,,745.5355,DETECTED,3.8E2,745.4118,745.7131,0.17,0.78,3.9E3,5.1E1,3.9E3,5.68,5.49,5.76,1.32,2,1
269,473.8998,1.1E3,3.5E2,1.1E3,5.80,5.75,5.84,6.1E1,473.8993,474.2114,,,UNKNOWN,,,,,,,,,,,,,,,,UNKNOWN,,,,,,,,,,,,,,,,UNKNOWN,,,,,,,,,,,,,,,,UNKNOWN,,,,,,,,,,,,,,,,UNKNOWN,,,,,,,,,,,,,,,473.8998,DETECTED,6.1E1,473.8993,474.2114,0.06,0.87,1.1E3,3.5E2,1.1E3,5.80,5.75,5.84,0.75,,
270,745.6015,2.1E3,3.4E2,2.1E3,5.80,5.76,5.85,1.2E2,745.5472,745.6400,,,UNKNOWN,,,,,,,,,,,,,,,,UNKNOWN,,,,,,,,,,,,,,,,UNKNOWN,,,,,,,,,,,,,,,,UNKNOWN,,,,,,,,,,,,,,,,UNKNOWN,,,,,,,,,,,,,,,745.6015,DETECTED,1.2E2,745.5472,745.6400,0.06,1.17,2.1E3,3.4E2,2.1E3,5.80,5.76,5.85,1.33,,
271,496.1013,2.3E3,5.0E1,2.3E3,5.81,5.75,5.86,1.4E2,495.8761,496.5000,,,UNKNOWN,,,,,,,,,,,,,,,,UNKNOWN,,,,,,,,,,,,,,,,UNKNOWN,,,,,,,,,,,,,,,,UNKNOWN,,,,,,,,,,,,,,,,UNKNOWN,,,,,,,,,,,,,,,496.1013,DETECTED,1.4E2,495.8761,496.5000,0.06,1.17,2.3E3,5.0E1,2.3E3,5.81,5.75,5.86,1.40,,
272,432.2841,9.7E2,1.9E2,9.7E2,5.94,5.88,5.99,6.4E1,432.1950,432.4008,,,UNKNOWN,,,,,,,,,,,,,,,,UNKNOWN,,,,,,,,,,,,,,,,UNKNOWN,,,,,,,,,,,,,,,,UNKNOWN,,,,,,,,,,,,,,,,UNKNOWN,,,,,,,,,,,,,,,432.2841,DETECTED,6.4E1,432.1950,432.4008,0.07,0.90,9.7E2,1.9E2,9.7E2,5.94,5.88,5.99,0.65,,
273,689.4598,5.7E3,3.4E2,5.7E3,5.94,5.69,6.02,9.8E2,689.2595,689.7001,,,UNKNOWN,,,,,,,,,,,,,,,,UNKNOWN,,,,,,,,,,,,,,,,UNKNOWN,,,,,,,,,,,,,,,,UNKNOWN,,,,,,,,,,,,,,,,UNKNOWN,,,,,,,,,,,,,,,689.4598,DETECTED,9.8E2,689.2595,689.7001,0.14,0.67,5.7E3,3.4E2,5.7E3,5.94,5.69,6.02,0.33,,
274,588.5998,9.7E2,3.0E2,9.7E2,6.05,6.01,6.10,5.6E1,588.5183,588.5999,,,UNKNOWN,,,,,,,,,,,,,,,,UNKNOWN,,,,,,,,,,,,,,,,UNKNOWN,,,,,,,,,,,,,,,,UNKNOWN,,,,,,,,,,,,,,,,UNKNOWN,,,,,,,,,,,,,,,588.5998,DETECTED,5.6E1,588.5183,588.5999,0.06,1.17,9.7E2,3.0E2,9.7E2,6.05,6.01,6.10,1.33,,
275,689.4785,3.8E3,8.6E1,3.8E3,6.06,6.02,6.14,2.3E2,689.2017,689.5182,,,UNKNOWN,,,,,,,,,,,,,,,,UNKNOWN,,,,,,,,,,,,,,,,UNKNOWN,,,,,,,,,,,,,,,,UNKNOWN,,,,,,,,,,,,,,,,UNKNOWN,,,,,,,,,,,,,,,689.4785,DETECTED,2.3E2,689.2017,689.5182,0.07,1.26,3.8E3,8.6E1,3.8E3,6.06,6.02,6.14,1.30,,
276,506.2978,2.6E3,1.7E2,2.6E3,6.41,6.34,6.49,2.0E2,506.1855,506.9993,1,,UNKNOWN,,,,,,,,,,,,,,,,UNKNOWN,,,,,,,,,,,,,,,,UNKNOWN,,,,,,,,,,,,,,,,UNKNOWN,,,,,,,,,,,,,,,,UNKNOWN,,,,,,,,,,,,,,,506.2978,DETECTED,2.0E2,506.1855,506.9993,0.07,1.10,2.6E3,1.7E2,2.6E3,6.41,6.34,6.49,1.13,2,1
277,524.4704,6.8E3,2.0E2,6.8E3,6.42,6.36,6.49,4.1E2,524.3996,524.6009,1,,UNKNOWN,,,,,,,,,,,,,,,,UNKNOWN,,,,,,,,,,,,,,,,UNKNOWN,,,,,,,,,,,,,,,,UNKNOWN,,,,,,,,,,,,,,,,UNKNOWN,,,,,,,,,,,,,,,524.4704,DETECTED,4.1E2,524.3996,524.6009,0.06,1.03,6.8E3,2.0E2,6.8E3,6.42,6.36,6.49,1.04,2,1
278,690.4000,1.1E3,2.9E2,1.1E3,6.43,6.38,6.47,6.4E1,690.3998,690.5000,,,UNKNOWN,,,,,,,,,,,,,,,,UNKNOWN,,,,,,,,,,,,,,,,UNKNOWN,,,,,,,,,,,,,,,,UNKNOWN,,,,,,,,,,,,,,,,UNKNOWN,,,,,,,,,,,,,,,690.4000,DETECTED,6.4E1,690.3998,690.5000,0.06,0.88,1.1E3,2.9E2,1.1E3,6.43,6.38,6.47,0.75,,
279,587.5001,7.4E2,2.2E2,7.4E2,6.91,6.86,6.95,4.2E1,587.3904,587.5002,,,UNKNOWN,,,,,,,,,,,,,,,,UNKNOWN,,,,,,,,,,,,,,,,UNKNOWN,,,,,,,,,,,,,,,,UNKNOWN,,,,,,,,,,,,,,,,UNKNOWN,,,,,,,,,,,,,,,587.5001,DETECTED,4.2E1,587.3904,587.5002,0.06,0.88,7.4E2,2.2E2,7.4E2,6.91,6.86,6.95,0.75,,
280,552.5277,2.7E3,3.0E2,2.7E3,6.97,6.93,7.06,1.9E2,552.2929,552.7000,,,UNKNOWN,,,,,,,,,,,,,,,,UNKNOWN,,,,,,,,,,,,,,,,UNKNOWN,,,,,,,,,,,,,,,,UNKNOWN,,,,,,,,,,,,,,,,UNKNOWN,,,,,,,,,,,,,,,552.5277,DETECTED,1.9E2,552.2929,552.7000,0.08,1.67,2.7E3,3.0E2,2.7E3,6.97,6.93,7.06,2.03,,
281,534.5138,3.3E3,5.2E1,3.3E3,6.98,6.93,7.06,1.9E2,534.4000,534.5773,,,UNKNOWN,,,,,,,,,,,,,,,,UNKNOWN,,,,,,,,,,,,,,,,UNKNOWN,,,,,,,,,,,,,,,,UNKNOWN,,,,,,,,,,,,,,,,UNKNOWN,,,,,,,,,,,,,,,534.5138,DETECTED,1.9E2,534.4000,534.5773,0.06,0.99,3.3E3,5.2E1,3.3E3,6.98,6.93,7.06,0.78,,
282,753.3001,8.1E2,2.6E2,8.1E2,7.24,7.20,7.29,4.7E1,753.3000,753.5154,,,UNKNOWN,,,,,,,,,,,,,,,,UNKNOWN,,,,,,,,,,,,,,,,UNKNOWN,,,,,,,,,,,,,,,,UNKNOWN,,,,,,,,,,,,,,,,UNKNOWN,,,,,,,,,,,,,,,753.3001,DETECTED,4.7E1,753.3000,753.5154,0.06,1.17,8.1E2,2.6E2,8.1E2,7.24,7.20,7.29,1.33,,
283,755.5000,1.1E3,3.7E2,1.1E3,7.28,7.24,7.33,6.5E1,755.4999,755.5001,,,UNKNOWN,,,,,,,,,,,,,,,,UNKNOWN,,,,,,,,,,,,,,,,UNKNOWN,,,,,,,,,,,,,,,,UNKNOWN,,,,,,,,,,,,,,,,UNKNOWN,,,,,,,,,,,,,,,755.5000,DETECTED,6.5E1,755.4999,755.5001,0.06,1.17,1.1E3,3.7E2,1.1E3,7.28,7.24,7.33,1.33,,
284,592.3995,2.2E3,6.5E2,2.2E3,7.30,7.25,7.34,1.3E2,592.3995,592.5330,,,UNKNOWN,,,,,,,,,,,,,,,,UNKNOWN,,,,,,,,,,,,,,,,UNKNOWN,,,,,,,,,,,,,,,,UNKNOWN,,,,,,,,,,,,,,,,UNKNOWN,,,,,,,,,,,,,,,592.3995,DETECTED,1.3E2,592.3995,592.5330,0.06,0.87,2.2E3,6.5E2,2.2E3,7.30,7.25,7.34,0.75,,
285,752.3608,8.5E2,6.1E1,8.5E2,7.39,7.34,7.46,5.3E1,752.3050,752.7000,,,UNKNOWN,,,,,,,,,,,,,,,,UNKNOWN,,,,,,,,,,,,,,,,UNKNOWN,,,,,,,,,,,,,,,,UNKNOWN,,,,,,,,,,,,,,,,UNKNOWN,,,,,,,,,,,,,,,752.3608,DETECTED,5.3E1,752.3050,752.7000,0.06,1.02,8.5E2,6.1E1,8.5E2,7.39,7.34,7.46,0.96,,
286,770.5220,2.8E3,9.4E1,2.8E3,7.39,7.33,7.46,1.7E2,770.2494,770.7996,1,,UNKNOWN,,,,,,,,,,,,,,,,UNKNOWN,,,,,,,,,,,,,,,,UNKNOWN,,,,,,,,,,,,,,,,UNKNOWN,,,,,,,,,,,,,,,,UNKNOWN,,,,,,,,,,,,,,,770.5220,DETECTED,1.7E2,770.2494,770.7996,0.06,1.13,2.8E3,9.4E1,2.8E3,7.39,7.33,7.46,1.13,2,1
287,796.6457,2.4E3,4.9E2,2.4E3,7.39,7.28,7.45,2.4E2,796.4991,796.8840,1,,UNKNOWN,,,,,,,,,,,,,,,,UNKNOWN,,,,,,,,,,,,,,,,UNKNOWN,,,,,,,,,,,,,,,,UNKNOWN,,,,,,,,,,,,,,,,UNKNOWN,,,,,,,,,,,,,,,796.6457,DETECTED,2.4E2,796.4991,796.8840,0.12,0.72,2.4E3,4.9E2,2.4E3,7.39,7.28,7.45,0.44,2,1
288,562.2745,2.0E3,9.0E1,2.0E3,7.51,7.45,7.56,1.2E2,562.1292,562.5000,,,UNKNOWN,,,,,,,,,,,,,,,,UNKNOWN,,,,,,,,,,,,,,,,UNKNOWN,,,,,,,,,,,,,,,,UNKNOWN,,,,,,,,,,,,,,,,UNKNOWN,,,,,,,,,,,,,,,562.2745,DETECTED,1.2E2,562.1292,562.5000,0.07,1.00,2.0E3,9.0E1,2.0E3,7.51,7.45,7.56,1.08,,
289,646.5957,5.7E2,5.0E1,5.7E2,7.55,7.50,7.60,3.3E1,646.5000,646.5986,,,UNKNOWN,,,,,,,,,,,,,,,,UNKNOWN,,,,,,,,,,,,,,,,UNKNOWN,,,,,,,,,,,,,,,,UNKNOWN,,,,,,,,,,,,,,,,UNKNOWN,,,,,,,,,,,,,,,646.5957,DETECTED,3.3E1,646.5000,646.5986,0.06,0.89,5.7E2,5.0E1,5.7E2,7.55,7.50,7.60,0.74,,
290,618.3999,4.1E3,7.6E2,4.1E3,7.56,7.51,7.60,2.3E2,618.3999,618.6431,,,UNKNOWN,,,,,,,,,,,,,,,,UNKNOWN,,,,,,,,,,,,,,,,UNKNOWN,,,,,,,,,,,,,,,,UNKNOWN,,,,,,,,,,,,,,,,UNKNOWN,,,,,,,,,,,,,,,618.3999,DETECTED,2.3E2,618.3999,618.6431,0.07,0.88,4.1E3,7.6E2,4.1E3,7.56,7.51,7.60,0.95,,
291,784.6831,2.8E3,1.6E2,2.8E3,7.67,7.60,7.72,1.7E2,784.5215,784.7000,,,UNKNOWN,,,,,,,,,,,,,,,,UNKNOWN,,,,,,,,,,,,,,,,UNKNOWN,,,,,,,,,,,,,,,,UNKNOWN,,,,,,,,,,,,,,,,UNKNOWN,,,,,,,,,,,,,,,784.6831,DETECTED,1.7E2,784.5215,784.7000,0.06,1.00,2.8E3,1.6E2,2.8E3,7.67,7.60,7.72,1.03,,
292,630.4047,1.3E3,2.6E2,1.3E3,7.68,7.63,7.73,7.5E1,630.3986,630.4923,,,UNKNOWN,,,,,,,,,,,,,,,,UNKNOWN,,,,,,,,,,,,,,,,UNKNOWN,,,,,,,,,,,,,,,,UNKNOWN,,,,,,,,,,,,,,,,UNKNOWN,,,,,,,,,,,,,,,630.4047,DETECTED,7.5E1,630.3986,630.4923,0.06,1.00,1.3E3,2.6E2,1.3E3,7.68,7.63,7.73,1.00,,
293,792.4047,1.3E3,5.4E1,1.3E3,7.68,7.64,7.73,7.4E1,792.3214,792.9000,,,UNKNOWN,,,,,,,,,,,,,,,,UNKNOWN,,,,,,,,,,,,,,,,UNKNOWN,,,,,,,,,,,,,,,,UNKNOWN,,,,,,,,,,,,,,,,UNKNOWN,,,,,,,,,,,,,,,792.4047,DETECTED,7.4E1,792.3214,792.9000,0.07,1.17,1.3E3,5.4E1,1.3E3,7.68,7.64,7.73,1.33,,
294,632.6996,1.2E3,2.6E2,1.2E3,7.73,7.68,7.77,6.9E1,632.5645,632.6999,,,UNKNOWN,,,,,,,,,,,,,,,,UNKNOWN,,,,,,,,,,,,,,,,UNKNOWN,,,,,,,,,,,,,,,,UNKNOWN,,,,,,,,,,,,,,,,UNKNOWN,,,,,,,,,,,,,,,632.6996,DETECTED,6.9E1,632.5645,632.6999,0.07,0.87,1.2E3,2.6E2,1.2E3,7.73,7.68,7.77,0.75,,
295,635.6999,1.2E3,2.9E2,1.2E3,7.74,7.71,7.80,6.8E1,635.6047,635.6999,,,UNKNOWN,,,,,,,,,,,,,,,,UNKNOWN,,,,,,,,,,,,,,,,UNKNOWN,,,,,,,,,,,,,,,,UNKNOWN,,,,,,,,,,,,,,,,UNKNOWN,,,,,,,,,,,,,,,635.6999,DETECTED,6.8E1,635.6047,635.6999,0.06,1.17,1.2E3,2.9E2,1.2E3,7.74,7.71,7.80,1.33,,
296,628.4711,1.1E4,5.7E2,1.1E4,7.76,7.69,7.82,6.7E2,628.2934,628.5965,1,,UNKNOWN,,,,,,,,,,,,,,,,UNKNOWN,,,,,,,,,,,,,,,,UNKNOWN,,,,,,,,,,,,,,,,UNKNOWN,,,,,,,,,,,,,,,,UNKNOWN,,,,,,,,,,,,,,,628.4711,DETECTED,6.7E2,628.2934,628.5965,0.06,0.90,1.1E4,5.7E2,1.1E4,7.76,7.69,7.82,0.88,2,1
297,646.4448,5.8E3,7.2E1,5.8E3,7.76,7.69,7.87,3.9E2,646.3855,646.6000,1,,UNKNOWN,,,,,,,,,,,,,,,,UNKNOWN,,,,,,,,,,,,,,,,UNKNOWN,,,,,,,,,,,,,,,,UNKNOWN,,,,,,,,,,,,,,,,UNKNOWN,,,,,,,,,,,,,,,646.4448,DETECTED,3.9E2,646.3855,646.6000,0.06,0.98,5.8E3,7.2E1,5.8E3,7.76,7.69,7.87,1.00,2,1
298,602.5222,8.7E3,5.9E2,8.7E3,7.80,7.73,7.87,5.9E2,602.3951,602.8000,1,,UNKNOWN,,,,,,,,,,,,,,,,UNKNOWN,,,,,,,,,,,,,,,,UNKNOWN,,,,,,,,,,,,,,,,UNKNOWN,,,,,,,,,,,,,,,,UNKNOWN,,,,,,,,,,,,,,,602.5222,DETECTED,5.9E2,602.3951,602.8000,0.06,1.02,8.7E3,5.9E2,8.7E3,7.80,7.73,7.87,1.08,3,1
299,620.5537,1.6E4,5.4E1,1.6E4,7.80,7.73,7.90,9.6E2,620.2957,620.5725,1,,UNKNOWN,,,,,,,,,,,,,,,,UNKNOWN,,,,,,,,,,,,,,,,UNKNOWN,,,,,,,,,,,,,,,,UNKNOWN,,,,,,,,,,,,,,,,UNKNOWN,,,,,,,,,,,,,,,620.5537,DETECTED,9.6E2,620.2957,620.5725,0.06,1.12,1.6E4,5.4E1,1.6E4,7.80,7.73,7.90,1.09,2,1
300,618.5805,2.8E3,6.4E1,2.8E3,7.87,7.81,7.94,1.8E2,618.5193,618.7000,,,UNKNOWN,,,,,,,,,,,,,,,,UNKNOWN,,,,,,,,,,,,,,,,UNKNOWN,,,,,,,,,,,,,,,,UNKNOWN,,,,,,,,,,,,,,,,UNKNOWN,,,,,,,,,,,,,,,618.5805,DETECTED,1.8E2,618.5193,618.7000,0.06,1.00,2.8E3,6.4E1,2.8E3,7.87,7.81,7.94,1.03,,
301,780.7214,8.1E3,7.6E2,8.1E3,7.89,7.82,7.94,4.8E2,780.5380,780.7708,1,,UNKNOWN,,,,,,,,,,,,,,,,UNKNOWN,,,,,,,,,,,,,,,,UNKNOWN,,,,,,,,,,,,,,,,UNKNOWN,,,,,,,,,,,,,,,,UNKNOWN,,,,,,,,,,,,,,,780.7214,DETECTED,4.8E2,780.5380,780.7708,0.06,0.81,8.1E3,7.6E2,8.1E3,7.89,7.82,7.94,0.74,2,1
302,798.6410,1.2E4,3.3E2,1.2E4,7.89,7.81,7.97,8.1E2,798.5011,798.6996,1,,UNKNOWN,,,,,,,,,,,,,,,,UNKNOWN,,,,,,,,,,,,,,,,UNKNOWN,,,,,,,,,,,,,,,,UNKNOWN,,,,,,,,,,,,,,,,UNKNOWN,,,,,,,,,,,,,,,798.6410,DETECTED,8.1E2,798.5011,798.6996,0.06,0.98,1.2E4,3.3E2,1.2E4,7.89,7.81,7.97,0.88,2,1
303,616.5039,3.6E4,4.4E2,3.6E4,7.97,7.85,8.13,3.4E3,616.0973,616.7000,1,,UNKNOWN,,,,,,,,,,,,,,,,UNKNOWN,,,,,,,,,,,,,,,,UNKNOWN,,,,,,,,,,,,,,,,UNKNOWN,,,,,,,,,,,,,,,,UNKNOWN,,,,,,,,,,,,,,,616.5039,DETECTED,3.4E3,616.0973,616.7000,0.07,1.80,3.6E4,4.4E2,3.6E4,7.97,7.85,8.13,2.67,2,1
304,634.5936,3.0E4,6.2E1,3.0E4,7.98,7.89,8.13,2.8E3,634.1016,634.6557,1,,UNKNOWN,,,,,,,,,,,,,,,,UNKNOWN,,,,,,,,,,,,,,,,UNKNOWN,,,,,,,,,,,,,,,,UNKNOWN,,,,,,,,,,,,,,,,UNKNOWN,,,,,,,,,,,,,,,634.5936,DETECTED,2.8E3,634.1016,634.6557,0.10,1.33,3.0E4,6.2E1,3.0E4,7.98,7.89,8.13,1.69,2,1
305,590.4762,3.2E4,5.1E1,3.2E4,8.02,7.91,8.09,2.2E3,590.1000,590.5762,1,,UNKNOWN,,,,,,,,,,,,,,,,UNKNOWN,,,,,,,,,,,,,,,,UNKNOWN,,,,,,,,,,,,,,,,UNKNOWN,,,,,,,,,,,,,,,,UNKNOWN,,,,,,,,,,,,,,,590.4762,DETECTED,2.2E3,590.1000,590.5762,0.07,0.96,3.2E4,5.1E1,3.2E4,8.02,7.91,8.09,0.83,2,1
306,608.5528,3.3E4,5.8E1,3.3E4,8.02,7.93,8.09,2.2E3,608.4000,608.9000,1,,UNKNOWN,,,,,,,,,,,,,,,,UNKNOWN,,,,,,,,,,,,,,,,UNKNOWN,,,,,,,,,,,,,,,,UNKNOWN,,,,,,,,,,,,,,,,UNKNOWN,,,,,,,,,,,,,,,608.5528,DETECTED,2.2E3,608.4000,608.9000,0.06,0.95,3.3E4,5.8E1,3.3E4,8.02,7.93,8.09,0.89,2,1
307,474.1994,1.9E3,5.9E2,1.9E3,8.08,8.03,8.12,1.1E2,474.1990,474.2114,,,UNKNOWN,,,,,,,,,,,,,,,,UNKNOWN,,,,,,,,,,,,,,,,UNKNOWN,,,,,,,,,,,,,,,,UNKNOWN,,,,,,,,,,,,,,,,UNKNOWN,,,,,,,,,,,,,,,474.1994,DETECTED,1.1E2,474.1990,474.2114,0.06,0.88,1.9E3,5.9E2,1.9E3,8.08,8.03,8.12,0.75,,
308,670.3049,2.1E3,9.7E1,2.1E3,8.09,8.02,8.15,1.2E2,670.2337,670.3998,,,UNKNOWN,,,,,,,,,,,,,,,,UNKNOWN,,,,,,,,,,,,,,,,UNKNOWN,,,,,,,,,,,,,,,,UNKNOWN,,,,,,,,,,,,,,,,UNKNOWN,,,,,,,,,,,,,,,670.3049,DETECTED,1.2E2,670.2337,670.3998,0.06,0.92,2.1E3,9.7E1,2.1E3,8.09,8.02,8.15,1.36,,
309,604.4952,4.6E4,5.0E1,4.6E4,8.25,8.15,8.35,3.1E3,604.2869,604.6000,1,,UNKNOWN,,,,,,,,,,,,,,,,UNKNOWN,,,,,,,,,,,,,,,,UNKNOWN,,,,,,,,,,,,,,,,UNKNOWN,,,,,,,,,,,,,,,,UNKNOWN,,,,,,,,,,,,,,,604.4952,DETECTED,3.1E3,604.2869,604.6000,0.06,1.12,4.6E4,5.0E1,4.6E4,8.25,8.15,8.35,1.28,2,1
310,622.4397,3.7E4,5.2E1,3.7E4,8.26,8.17,8.35,2.4E3,622.2000,622.8000,1,,UNKNOWN,,,,,,,,,,,,,,,,UNKNOWN,,,,,,,,,,,,,,,,UNKNOWN,,,,,,,,,,,,,,,,UNKNOWN,,,,,,,,,,,,,,,,UNKNOWN,,,,,,,,,,,,,,,622.4397,DETECTED,2.4E3,622.2000,622.8000,0.06,0.92,3.7E4,5.2E1,3.7E4,8.26,8.17,8.35,0.89,2,1
311,634.5572,3.1E3,4.0E2,3.1E3,8.28,8.21,8.33,2.0E2,634.1994,634.7094,,,UNKNOWN,,,,,,,,,,,,,,,,UNKNOWN,,,,,,,,,,,,,,,,UNKNOWN,,,,,,,,,,,,,,,,UNKNOWN,,,,,,,,,,,,,,,,UNKNOWN,,,,,,,,,,,,,,,634.5572,DETECTED,2.0E2,634.1994,634.7094,0.07,0.90,3.1E3,4.0E2,3.1E3,8.28,8.21,8.33,0.69,,
312,600.6634,2.9E3,3.6E2,2.9E3,8.29,8.24,8.34,1.7E2,600.5743,600.6690,,,UNKNOWN,,,,,,,,,,,,,,,,UNKNOWN,,,,,,,,,,,,,,,,UNKNOWN,,,,,,,,,,,,,,,,UNKNOWN,,,,,,,,,,,,,,,,UNKNOWN,,,,,,,,,,,,,,,600.6634,DETECTED,1.7E2,600.5743,600.6690,0.06,1.00,2.9E3,3.6E2,2.9E3,8.29,8.24,8.34,0.96,,
313,630.5462,6.2E4,1.2E2,6.2E4,8.29,8.17,8.38,4.3E3,630.4696,630.7996,1,,UNKNOWN,,,,,,,,,,,,,,,,UNKNOWN,,,,,,,,,,,,,,,,UNKNOWN,,,,,,,,,,,,,,,,UNKNOWN,,,,,,,,,,,,,,,,UNKNOWN,,,,,,,,,,,,,,,630.5462,DETECTED,4.3E3,630.4696,630.7996,0.07,1.07,6.2E4,1.2E2,6.2E4,8.29,8.17,8.38,1.00,2,1
314,648.5581,5.6E4,1.7E3,5.6E4,8.29,8.22,8.38,3.9E3,648.4000,648.8917,1,,UNKNOWN,,,,,,,,,,,,,,,,UNKNOWN,,,,,,,,,,,,,,,,UNKNOWN,,,,,,,,,,,,,,,,UNKNOWN,,,,,,,,,,,,,,,,UNKNOWN,,,,,,,,,,,,,,,648.5581,DETECTED,3.9E3,648.4000,648.8917,0.07,1.10,5.6E4,1.7E3,5.6E4,8.29,8.22,8.38,1.15,3,1
315,773.8998,3.0E3,9.6E2,3.0E3,8.43,8.39,8.48,1.7E2,773.6515,773.8999,,,UNKNOWN,,,,,,,,,,,,,,,,UNKNOWN,,,,,,,,,,,,,,,,UNKNOWN,,,,,,,,,,,,,,,,UNKNOWN,,,,,,,,,,,,,,,,UNKNOWN,,,,,,,,,,,,,,,773.8998,DETECTED,1.7E2,773.6515,773.8999,0.06,1.17,3.0E3,9.6E2,3.0E3,8.43,8.39,8.48,1.33,,
316,600.5974,6.0E3,3.9E2,6.0E3,8.50,8.43,8.56,3.7E2,600.5743,600.6967,,,UNKNOWN,,,,,,,,,,,,,,,,UNKNOWN,,,,,,,,,,,,,,,,UNKNOWN,,,,,,,,,,,,,,,,UNKNOWN,,,,,,,,,,,,,,,,UNKNOWN,,,,,,,,,,,,,,,600.5974,DETECTED,3.7E2,600.5743,600.6967,0.06,0.91,6.0E3,3.9E2,6.0E3,8.50,8.43,8.56,0.94,,
317,618.5051,1.6E5,3.0E2,1.6E5,8.50,8.38,8.59,1.1E4,618.1063,618.6431,1,,UNKNOWN,,,,,,,,,,,,,,,,UNKNOWN,,,,,,,,,,,,,,,,UNKNOWN,,,,,,,,,,,,,,,,UNKNOWN,,,,,,,,,,,,,,,,UNKNOWN,,,,,,,,,,,,,,,618.5051,DETECTED,1.1E4,618.1063,618.6431,0.07,1.03,1.6E5,3.0E2,1.6E5,8.50,8.38,8.59,1.03,3,1
318,636.5176,1.4E5,2.2E2,1.4E5,8.50,8.37,8.60,9.3E3,636.2995,636.8000,1,,UNKNOWN,,,,,,,,,,,,,,,,UNKNOWN,,,,,,,,,,,,,,,,UNKNOWN,,,,,,,,,,,,,,,,UNKNOWN,,,,,,,,,,,,,,,,UNKNOWN,,,,,,,,,,,,,,,636.5176,DETECTED,9.3E3,636.2995,636.8000,0.06,0.99,1.4E5,2.2E2,1.4E5,8.50,8.37,8.60,1.02,3,1
319,662.4096,5.0E3,4.4E2,5.0E3,8.52,8.47,8.57,2.9E2,662.4043,662.5347,,,UNKNOWN,,,,,,,,,,,,,,,,UNKNOWN,,,,,,,,,,,,,,,,UNKNOWN,,,,,,,,,,,,,,,,UNKNOWN,,,,,,,,,,,,,,,,UNKNOWN,,,,,,,,,,,,,,,662.4096,DETECTED,2.9E2,662.4043,662.5347,0.06,1.14,5.0E3,4.4E2,5.0E3,8.52,8.47,8.57,1.35,,
320,632.5635,1.3E3,5.0E1,1.3E3,8.73,8.65,8.78,8.4E1,632.5044,632.7000,1,,UNKNOWN,,,,,,,,,,,,,,,,UNKNOWN,,,,,,,,,,,,,,,,UNKNOWN,,,,,,,,,,,,,,,,UNKNOWN,,,,,,,,,,,,,,,,UNKNOWN,,,,,,,,,,,,,,,632.5635,DETECTED,8.4E1,632.5044,632.7000,0.06,0.92,1.3E3,5.0E1,1.3E3,8.73,8.65,8.78,1.01,2,1
321,632.5635,1.3E3,5.0E1,1.3E3,8.73,8.65,8.78,8.4E1,632.5044,632.7000,1,,UNKNOWN,,,,,,,,,,,,,,,,UNKNOWN,,,,,,,,,,,,,,,,UNKNOWN,,,,,,,,,,,,,,,,UNKNOWN,,,,,,,,,,,,,,,,UNKNOWN,,,,,,,,,,,,,,,632.5635,DETECTED,8.4E1,632.5044,632.7000,0.06,0.92,1.3E3,5.0E1,1.3E3,8.73,8.65,8.78,1.01,2,1
322,650.4990,1.9E3,1.7E2,1.9E3,8.74,8.64,8.80,1.4E2,650.4012,650.7008,,,UNKNOWN,,,,,,,,,,,,,,,,UNKNOWN,,,,,,,,,,,,,,,,UNKNOWN,,,,,,,,,,,,,,,,UNKNOWN,,,,,,,,,,,,,,,,UNKNOWN,,,,,,,,,,,,,,,650.4990,DETECTED,1.4E2,650.4012,650.7008,0.07,0.77,1.9E3,1.7E2,1.9E3,8.74,8.64,8.80,0.48,,
323,787.4999,2.2E3,7.2E2,2.2E3,8.91,8.86,8.95,1.3E2,787.4998,787.6099,,,UNKNOWN,,,,,,,,,,,,,,,,UNKNOWN,,,,,,,,,,,,,,,,UNKNOWN,,,,,,,,,,,,,,,,UNKNOWN,,,,,,,,,,,,,,,,UNKNOWN,,,,,,,,,,,,,,,787.4999,DETECTED,1.3E2,787.4998,787.6099,0.06,0.88,2.2E3,7.2E2,2.2E3,8.91,8.86,8.95,0.75,,
324,664.6679,5.5E2,7.4E1,5.5E2,8.96,8.85,9.00,3.8E1,664.5224,664.7000,,,UNKNOWN,,,,,,,,,,,,,,,,UNKNOWN,,,,,,,,,,,,,,,,UNKNOWN,,,,,,,,,,,,,,,,UNKNOWN,,,,,,,,,,,,,,,,UNKNOWN,,,,,,,,,,,,,,,664.6679,DETECTED,3.8E1,664.5224,664.7000,0.06,0.67,5.5E2,7.4E1,5.5E2,8.96,8.85,9.00,0.34,,
325,646.5402,2.7E3,5.1E1,2.7E3,8.99,8.91,9.05,1.7E2,646.4977,646.7988,,,UNKNOWN,,,,,,,,,,,,,,,,UNKNOWN,,,,,,,,,,,,,,,,UNKNOWN,,,,,,,,,,,,,,,,UNKNOWN,,,,,,,,,,,,,,,,UNKNOWN,,,,,,,,,,,,,,,646.5402,DETECTED,1.7E2,646.4977,646.7988,0.06,0.93,2.7E3,5.1E1,2.7E3,8.99,8.91,9.05,0.87,,
326,474.4999,6.4E2,1.7E2,6.4E2,9.20,9.16,9.25,3.7E1,474.2114,474.5001,,,UNKNOWN,,,,,,,,,,,,,,,,UNKNOWN,,,,,,,,,,,,,,,,UNKNOWN,,,,,,,,,,,,,,,,UNKNOWN,,,,,,,,,,,,,,,,UNKNOWN,,,,,,,,,,,,,,,474.4999,DETECTED,3.7E1,474.2114,474.5001,0.06,1.17,6.4E2,1.7E2,6.4E2,9.20,9.16,9.25,1.33,,
327,587.3000,1.0E3,4.0E2,1.0E3,9.48,9.43,9.52,6.0E1,587.2999,587.3904,,,UNKNOWN,,,,,,,,,,,,,,,,UNKNOWN,,,,,,,,,,,,,,,,UNKNOWN,,,,,,,,,,,,,,,,UNKNOWN,,,,,,,,,,,,,,,,UNKNOWN,,,,,,,,,,,,,,,587.3000,DETECTED,6.0E1,587.2999,587.3904,0.06,0.87,1.0E3,4.0E2,1.0E3,9.48,9.43,9.52,0.75,,
328,603.4001,7.4E2,1.9E2,7.4E2,9.68,9.63,9.72,4.2E1,603.4000,603.4910,,,UNKNOWN,,,,,,,,,,,,,,,,UNKNOWN,,,,,,,,,,,,,,,,UNKNOWN,,,,,,,,,,,,,,,,UNKNOWN,,,,,,,,,,,,,,,,UNKNOWN,,,,,,,,,,,,,,,603.4001,DETECTED,4.2E1,603.4000,603.4910,0.06,0.88,7.4E2,1.9E2,7.4E2,9.68,9.63,9.72,0.75,,
329,516.3891,2.9E3,8.6E1,2.9E3,9.79,9.74,9.87,2.0E2,516.2027,516.4998,,,UNKNOWN,,,,,,,,,,,,,,,,UNKNOWN,,,,,,,,,,,,,,,,UNKNOWN,,,,,,,,,,,,,,,,UNKNOWN,,,,,,,,,,,,,,,,UNKNOWN,,,,,,,,,,,,,,,516.3891,DETECTED,2.0E2,516.2027,516.4998,0.08,1.11,2.9E3,8.6E1,2.9E3,9.79,9.74,9.87,1.15,,
