id,fragment_scans,mz_range:min,mz_range:max,rt,area,rt_range:min,rt_range:max,charge,height,intensity_range:min,intensity_range:max,mz,datafile:PreIS__400_800_d201-r001.mzML:mz_range:min,datafile:PreIS__400_800_d201-r001.mzML:mz_range:max,datafile:PreIS__400_800_d201-r001.mzML:area,datafile:PreIS__400_800_d201-r001.mzML:fwhm,datafile:PreIS__400_800_d201-r001.mzML:height,datafile:PreIS__400_800_d201-r001.mzML:mz,datafile:PreIS__400_800_d201-r001.mzML:feature_state,datafile:PreIS__400_800_d201-r001.mzML:fragment_scans,datafile:PreIS__400_800_d201-r001.mzML:rt,datafile:PreIS__400_800_d201-r001.mzML:asymmetry_factor,datafile:PreIS__400_800_d201-r001.mzML:rt_range:min,datafile:PreIS__400_800_d201-r001.mzML:rt_range:max,datafile:PreIS__400_800_d201-r001.mzML:intensity_range:min,datafile:PreIS__400_800_d201-r001.mzML:intensity_range:max,datafile:PreIS__400_800_d201-r001.mzML:tailing_factor,datafile:PreIS__400_800_d201-r001.mzML:charge,datafile:PreIS__400_800_d201-r001.mzML:isotopes,datafile:PreIS__400_800_d201-r002.mzML:mz_range:min,datafile:PreIS__400_800_d201-r002.mzML:mz_range:max,datafile:PreIS__400_800_d201-r002.mzML:area,datafile:PreIS__400_800_d201-r002.mzML:fwhm,datafile:PreIS__400_800_d201-r002.mzML:height,datafile:PreIS__400_800_d201-r002.mzML:mz,datafile:PreIS__400_800_d201-r002.mzML:feature_state,datafile:PreIS__400_800_d201-r002.mzML:fragment_scans,datafile:PreIS__400_800_d201-r002.mzML:rt,datafile:PreIS__400_800_d201-r002.mzML:asymmetry_factor,datafile:PreIS__400_800_d201-r002.mzML:rt_range:min,datafile:PreIS__400_800_d201-r002.mzML:rt_range:max,datafile:PreIS__400_800_d201-r002.mzML:intensity_range:min,datafile:PreIS__400_800_d201-r002.mzML:intensity_range:max,datafile:PreIS__400_800_d201-r002.mzML:tailing_factor,datafile:PreIS__400_800_d201-r002.mzML:charge,datafile:PreIS__400_800_d201-r002.mzML:isotopes,datafile:PreIS__750_1150_d201-r002.mzML:mz_range:min,datafile:PreIS__750_1150_d201-r002.mzML:mz_range:max,datafile:PreIS__750_1150_d201-r002.mzML:area,datafile:PreIS__750_1150_d201-r002.mzML:fwhm,datafile:PreIS__750_1150_d201-r002.mzML:height,datafile:PreIS__750_1150_d201-r002.mzML:mz,datafile:PreIS__750_1150_d201-r002.mzML:feature_state,datafile:PreIS__750_1150_d201-r002.mzML:fragment_scans,datafile:PreIS__750_1150_d201-r002.mzML:rt,datafile:PreIS__750_1150_d201-r002.mzML:asymmetry_factor,datafile:PreIS__750_1150_d201-r002.mzML:rt_range:min,datafile:PreIS__750_1150_d201-r002.mzML:rt_range:max,datafile:PreIS__750_1150_d201-r002.mzML:intensity_range:min,datafile:PreIS__750_1150_d201-r002.mzML:intensity_range:max,datafile:PreIS__750_1150_d201-r002.mzML:tailing_factor,datafile:PreIS__750_1150_d201-r002.mzML:charge,datafile:PreIS__750_1150_d201-r002.mzML:isotopes,datafile:PreIS__750_1150_d201-r001.mzML:mz_range:min,datafile:PreIS__750_1150_d201-r001.mzML:mz_range:max,datafile:PreIS__750_1150_d201-r001.mzML:area,datafile:PreIS__750_1150_d201-r001.mzML:fwhm,datafile:PreIS__750_1150_d201-r001.mzML:height,datafile:PreIS__750_1150_d201-r001.mzML:mz,datafile:PreIS__750_1150_d201-r001.mzML:feature_state,datafile:PreIS__750_1150_d201-r001.mzML:fragment_scans,datafile:PreIS__750_1150_d201-r001.mzML:rt,datafile:PreIS__750_1150_d201-r001.mzML:asymmetry_factor,datafile:PreIS__750_1150_d201-r001.mzML:rt_range:min,datafile:PreIS__750_1150_d201-r001.mzML:rt_range:max,datafile:PreIS__750_1150_d201-r001.mzML:intensity_range:min,datafile:PreIS__750_1150_d201-r001.mzML:intensity_range:max,datafile:PreIS__750_1150_d201-r001.mzML:tailing_factor,datafile:PreIS__750_1150_d201-r001.mzML:charge,datafile:PreIS__750_1150_d201-r001.mzML:isotopes,datafile:PreIS__1100_1500_d201-r001.mzML:mz_range:min,datafile:PreIS__1100_1500_d201-r001.mzML:mz_range:max,datafile:PreIS__1100_1500_d201-r001.mzML:area,datafile:PreIS__1100_1500_d201-r001.mzML:fwhm,datafile:PreIS__1100_1500_d201-r001.mzML:height,datafile:PreIS__1100_1500_d201-r001.mzML:mz,datafile:PreIS__1100_1500_d201-r001.mzML:feature_state,datafile:PreIS__1100_1500_d201-r001.mzML:fragment_scans,datafile:PreIS__1100_1500_d201-r001.mzML:rt,datafile:PreIS__1100_1500_d201-r001.mzML:asymmetry_factor,datafile:PreIS__1100_1500_d201-r001.mzML:rt_range:min,datafile:PreIS__1100_1500_d201-r001.mzML:rt_range:max,datafile:PreIS__1100_1500_d201-r001.mzML:intensity_range:min,datafile:PreIS__1100_1500_d201-r001.mzML:intensity_range:max,datafile:PreIS__1100_1500_d201-r001.mzML:tailing_factor,datafile:PreIS__1100_1500_d201-r001.mzML:charge,datafile:PreIS__1100_1500_d201-r001.mzML:isotopes,datafile:PreIS__1100_1500_d201-r002.mzML:mz_range:min,datafile:PreIS__1100_1500_d201-r002.mzML:mz_range:max,datafile:PreIS__1100_1500_d201-r002.mzML:area,datafile:PreIS__1100_1500_d201-r002.mzML:fwhm,datafile:PreIS__1100_1500_d201-r002.mzML:height,datafile:PreIS__1100_1500_d201-r002.mzML:mz,datafile:PreIS__1100_1500_d201-r002.mzML:feature_state,datafile:PreIS__1100_1500_d201-r002.mzML:fragment_scans,datafile:PreIS__1100_1500_d201-r002.mzML:rt,datafile:PreIS__1100_1500_d201-r002.mzML:asymmetry_factor,datafile:PreIS__1100_1500_d201-r002.mzML:rt_range:min,datafile:PreIS__1100_1500_d201-r002.mzML:rt_range:max,datafile:PreIS__1100_1500_d201-r002.mzML:intensity_range:min,datafile:PreIS__1100_1500_d201-r002.mzML:intensity_range:max,datafile:PreIS__1100_1500_d201-r002.mzML:tailing_factor,datafile:PreIS__1100_1500_d201-r002.mzML:charge,datafile:PreIS__1100_1500_d201-r002.mzML:isotopes
1,0,784.4001,784.4009,0.65,7.2E1,0.60,0.69,,1.2E3,4.8E2,1.2E3,784.4005,784.4001,784.4009,7.2E1,0.06,1.2E3,784.4005,DETECTED,0,0.65,0.75,0.60,0.69,4.8E2,1.2E3,0.88,,,,,,,,,UNKNOWN,,,,,,,,,,,,,,,,,UNKNOWN,,,,,,,,,,,,,,,,,UNKNOWN,,,,,,,,,,,,,,,,,UNKNOWN,,,,,,,,,,,,,,,,,UNKNOWN,,,,,,,,,,
2,0,468.0000,468.6013,1.40,1.2E1,1.35,2.23,,1.6E2,5.1E1,1.6E2,468.4992,468.0000,468.6013,1.2E1,0.07,1.6E2,468.4992,DETECTED,0,1.40,16.00,1.35,2.23,5.1E1,1.6E2,8.50,,,,,,,,,UNKNOWN,,,,,,,,,,,,,,,,,UNKNOWN,,,,,,,,,,,,,,,,,UNKNOWN,,,,,,,,,,,,,,,,,UNKNOWN,,,,,,,,,,,,,,,,,UNKNOWN,,,,,,,,,,
3,0,502.8000,503.3000,1.43,4.9E1,0.56,1.96,,7.4E2,5.1E1,7.4E2,503.1790,502.8000,503.3000,4.9E1,0.06,7.4E2,503.1790,DETECTED,0,1.43,0.83,0.56,1.96,5.1E1,7.4E2,0.82,,,,,,,,,UNKNOWN,,,,,,,,,,,,,,,,,UNKNOWN,,,,,,,,,,,,,,,,,UNKNOWN,,,,,,,,,,,,,,,,,UNKNOWN,,,,,,,,,,,,,,,,,UNKNOWN,,,,,,,,,,
4,0,464.0000,464.5030,1.52,3.1E2,1.47,6.76,,4.0E3,5.0E1,4.0E3,464.1826,464.0000,464.5030,3.1E2,0.07,4.0E3,464.1826,DETECTED,0,1.52,2.13,1.47,6.76,5.0E1,4.0E3,1.78,,,,,,,,,UNKNOWN,,,,,,,,,,,,,,,,,UNKNOWN,,,,,,,,,,,,,,,,,UNKNOWN,,,,,,,,,,,,,,,,,UNKNOWN,,,,,,,,,,,,,,,,,UNKNOWN,,,,,,,,,,
5,0,469.6000,470.8000,2.15,9.0E1,2.10,10.00,,1.4E3,5.0E1,1.4E3,470.1365,469.6000,470.8000,9.0E1,0.06,1.4E3,470.1365,DETECTED,0,2.15,0.99,2.10,10.00,5.0E1,1.4E3,1.21,,,,,,,,,UNKNOWN,,,,,,,,,,,,,,,,,UNKNOWN,,,,,,,,,,,,,,,,,UNKNOWN,,,,,,,,,,,,,,,,,UNKNOWN,,,,,,,,,,,,,,,,,UNKNOWN,,,,,,,,,,
6,0,420.4000,421.0000,2.59,2.1E1,0.36,3.79,,1.7E2,5.0E1,1.7E2,420.9202,420.4000,421.0000,2.1E1,0.07,1.7E2,420.9202,DETECTED,0,2.59,0.53,0.36,3.79,5.0E1,1.7E2,0.77,,,,,,,,,UNKNOWN,,,,,,,,,,,,,,,,,UNKNOWN,,,,,,,,,,,,,,,,,UNKNOWN,,,,,,,,,,,,,,,,,UNKNOWN,,,,,,,,,,,,,,,,,UNKNOWN,,,,,,,,,,
7,0,610.9000,611.2000,2.74,1.2E1,2.70,9.99,,1.8E2,5.1E1,1.8E2,611.1821,610.9000,611.2000,1.2E1,0.07,1.8E2,611.1821,DETECTED,0,2.74,186.34,2.70,9.99,5.1E1,1.8E2,93.67,,,,,,,,,UNKNOWN,,,,,,,,,,,,,,,,,UNKNOWN,,,,,,,,,,,,,,,,,UNKNOWN,,,,,,,,,,,,,,,,,UNKNOWN,,,,,,,,,,,,,,,,,UNKNOWN,,,,,,,,,,
8,0,407.8000,408.3000,3.42,6.4E1,3.37,6.94,,1.0E3,5.0E1,1.0E3,408.1804,407.8000,408.3000,6.4E1,0.06,1.0E3,408.1804,DETECTED,0,3.42,91.49,3.37,6.94,5.0E1,1.0E3,10.95,,,,,,,,,UNKNOWN,,,,,,,,,,,,,,,,,UNKNOWN,,,,,,,,,,,,,,,,,UNKNOWN,,,,,,,,,,,,,,,,,UNKNOWN,,,,,,,,,,,,,,,,,UNKNOWN,,,,,,,,,,
9,0,559.1000,559.4001,3.76,3.4E1,3.71,9.95,,5.2E2,5.0E1,5.2E2,559.3779,559.1000,559.4001,3.4E1,0.06,5.2E2,559.3779,DETECTED,0,3.76,117.94,3.71,9.95,5.0E1,5.2E2,59.30,,,,,,,,,UNKNOWN,,,,,,,,,,,,,,,,,UNKNOWN,,,,,,,,,,,,,,,,,UNKNOWN,,,,,,,,,,,,,,,,,UNKNOWN,,,,,,,,,,,,,,,,,UNKNOWN,,,,,,,,,,
10,0,568.5015,569.2000,4.13,6.6E1,4.07,4.20,,1.1E3,5.9E1,1.1E3,568.9957,568.5015,569.2000,6.6E1,0.06,1.1E3,568.9957,DETECTED,0,4.13,1.27,4.07,4.20,5.9E1,1.1E3,1.18,,,,,,,,,UNKNOWN,,,,,,,,,,,,,,,,,UNKNOWN,,,,,,,,,,,,,,,,,UNKNOWN,,,,,,,,,,,,,,,,,UNKNOWN,,,,,,,,,,,,,,,,,UNKNOWN,,,,,,,,,,
11,0,567.2992,567.3010,4.22,1.8E1,4.18,4.27,,3.1E2,9.4E1,3.1E2,567.3004,567.2992,567.3010,1.8E1,0.06,3.1E2,567.3004,DETECTED,0,4.22,1.33,4.18,4.27,9.4E1,3.1E2,1.17,,,,,,,,,UNKNOWN,,,,,,,,,,,,,,,,,UNKNOWN,,,,,,,,,,,,,,,,,UNKNOWN,,,,,,,,,,,,,,,,,UNKNOWN,,,,,,,,,,,,,,,,,UNKNOWN,,,,,,,,,,
12,0,523.7973,523.7994,4.57,1.3E1,4.53,4.62,,2.2E2,8.8E1,2.2E2,523.7982,523.7973,523.7994,1.3E1,0.07,2.2E2,523.7982,DETECTED,0,4.57,1.33,4.53,4.62,8.8E1,2.2E2,1.17,,,,,,,,,UNKNOWN,,,,,,,,,,,,,,,,,UNKNOWN,,,,,,,,,,,,,,,,,UNKNOWN,,,,,,,,,,,,,,,,,UNKNOWN,,,,,,,,,,,,,,,,,UNKNOWN,,,,,,,,,,
13,0,743.0000,744.1000,5.62,3.1E2,5.18,9.90,,2.5E3,5.0E1,2.5E3,743.6159,743.0000,744.1000,3.1E2,0.16,2.5E3,743.6159,DETECTED,0,5.62,0.95,5.18,9.90,5.0E1,2.5E3,1.77,,,,,,,,,UNKNOWN,,,,,,,,,,,,,,,,,UNKNOWN,,,,,,,,,,,,,,,,,UNKNOWN,,,,,,,,,,,,,,,,,UNKNOWN,,,,,,,,,,,,,,,,,UNKNOWN,,,,,,,,,,
14,0,747.7000,748.6953,6.25,2.1E2,3.74,6.34,,2.7E3,5.0E1,2.7E3,748.3061,747.7000,748.6953,2.1E2,0.08,2.7E3,748.3061,DETECTED,0,6.25,0.48,3.74,6.34,5.0E1,2.7E3,0.77,,,,,,,,,UNKNOWN,,,,,,,,,,,,,,,,,UNKNOWN,,,,,,,,,,,,,,,,,UNKNOWN,,,,,,,,,,,,,,,,,UNKNOWN,,,,,,,,,,,,,,,,,UNKNOWN,,,,,,,,,,
15,0,674.0000,674.7000,6.27,2.4E2,6.21,9.43,,3.1E3,5.0E1,3.1E3,674.6070,674.0000,674.7000,2.4E2,0.06,3.1E3,674.6070,DETECTED,0,6.27,60.73,6.21,9.43,5.0E1,3.1E3,30.26,,,,,,,,,UNKNOWN,,,,,,,,,,,,,,,,,UNKNOWN,,,,,,,,,,,,,,,,,UNKNOWN,,,,,,,,,,,,,,,,,UNKNOWN,,,,,,,,,,,,,,,,,UNKNOWN,,,,,,,,,,
16,0,774.2324,774.7876,6.41,6.3E2,4.94,6.63,1,5.1E3,5.0E1,5.1E3,774.5266,774.2324,774.7876,6.3E2,0.12,5.1E3,774.5266,DETECTED,0,6.41,2.57,4.94,6.63,5.0E1,5.1E3,1.72,1,2,,,,,,,UNKNOWN,,,,,,,,,,,,,,,,,UNKNOWN,,,,,,,,,,,,,,,,,UNKNOWN,,,,,,,,,,,,,,,,,UNKNOWN,,,,,,,,,,,,,,,,,UNKNOWN,,,,,,,,,,
17,0,750.1942,750.9000,6.68,2.6E3,6.56,6.95,1,2.7E4,1.3E2,2.7E4,750.5549,750.1942,750.9000,2.6E3,0.08,2.7E4,750.5549,DETECTED,0,6.68,1.26,6.56,6.95,1.3E2,2.7E4,1.88,1,2,,,,,,,UNKNOWN,,,,,,,,,,,,,,,,,UNKNOWN,,,,,,,,,,,,,,,,,UNKNOWN,,,,,,,,,,,,,,,,,UNKNOWN,,,,,,,,,,,,,,,,,UNKNOWN,,,,,,,,,,
18,0,725.9000,726.6000,6.95,6.9E2,6.86,7.11,1,9.2E3,5.1E1,9.2E3,726.2855,725.9000,726.6000,6.9E2,0.06,9.2E3,726.2855,DETECTED,0,6.95,2.49,6.86,7.11,5.1E1,9.2E3,1.63,1,2,,,,,,,UNKNOWN,,,,,,,,,,,,,,,,,UNKNOWN,,,,,,,,,,,,,,,,,UNKNOWN,,,,,,,,,,,,,,,,,UNKNOWN,,,,,,,,,,,,,,,,,UNKNOWN,,,,,,,,,,
19,0,752.5983,752.5993,7.03,1.6E1,6.98,7.07,,2.6E2,9.7E1,2.6E2,752.5986,752.5983,752.5993,1.6E1,0.06,2.6E2,752.5986,DETECTED,0,7.03,0.75,6.98,7.07,9.7E1,2.6E2,0.88,,,,,,,,,UNKNOWN,,,,,,,,,,,,,,,,,UNKNOWN,,,,,,,,,,,,,,,,,UNKNOWN,,,,,,,,,,,,,,,,,UNKNOWN,,,,,,,,,,,,,,,,,UNKNOWN,,,,,,,,,,
20,0,576.2000,576.6000,7.72,2.0E1,3.44,9.85,,1.6E2,5.0E1,1.6E2,576.3418,576.2000,576.6000,2.0E1,0.07,1.6E2,576.3418,DETECTED,0,7.72,0.50,3.44,9.85,5.0E1,1.6E2,0.75,,,,,,,,,UNKNOWN,,,,,,,,,,,,,,,,,UNKNOWN,,,,,,,,,,,,,,,,,UNKNOWN,,,,,,,,,,,,,,,,,UNKNOWN,,,,,,,,,,,,,,,,,UNKNOWN,,,,,,,,,,
21,0,647.7379,648.6000,7.90,7.4E2,7.67,9.87,,5.0E3,5.0E1,5.0E3,648.2489,647.7379,648.6000,7.4E2,0.15,5.0E3,648.2489,DETECTED,0,7.90,20.19,7.67,9.87,5.0E1,5.0E3,9.65,,,,,,,,,UNKNOWN,,,,,,,,,,,,,,,,,UNKNOWN,,,,,,,,,,,,,,,,,UNKNOWN,,,,,,,,,,,,,,,,,UNKNOWN,,,,,,,,,,,,,,,,,UNKNOWN,,,,,,,,,,
22,0,649.4967,649.5054,7.95,5.0E1,7.90,7.99,,8.7E2,2.4E2,8.7E2,649.4984,649.4967,649.5054,5.0E1,0.06,8.7E2,649.4984,DETECTED,0,7.95,0.75,7.90,7.99,2.4E2,8.7E2,0.87,,,,,,,,,UNKNOWN,,,,,,,,,,,,,,,,,UNKNOWN,,,,,,,,,,,,,,,,,UNKNOWN,,,,,,,,,,,,,,,,,UNKNOWN,,,,,,,,,,,,,,,,,UNKNOWN,,,,,,,,,,
23,0,666.5994,666.7000,8.47,2.1E1,8.43,10.00,,3.0E2,5.1E1,3.0E2,666.6158,666.5994,666.7000,2.1E1,0.06,3.0E2,666.6158,DETECTED,0,8.47,17.36,8.43,10.00,5.1E1,3.0E2,20.17,,,,,,,,,UNKNOWN,,,,,,,,,,,,,,,,,UNKNOWN,,,,,,,,,,,,,,,,,UNKNOWN,,,,,,,,,,,,,,,,,UNKNOWN,,,,,,,,,,,,,,,,,UNKNOWN,,,,,,,,,,
24,0,777.9000,778.5996,8.63,3.0E1,0.00,8.68,,5.1E2,5.4E1,5.1E2,778.5831,777.9000,778.5996,3.0E1,0.06,5.1E2,778.5831,DETECTED,0,8.63,0.01,0.00,8.68,5.4E1,5.1E2,0.50,,,,,,,,,UNKNOWN,,,,,,,,,,,,,,,,,UNKNOWN,,,,,,,,,,,,,,,,,UNKNOWN,,,,,,,,,,,,,,,,,UNKNOWN,,,,,,,,,,,,,,,,,UNKNOWN,,,,,,,,,,
25,0,676.1000,676.8000,8.64,5.7E2,8.56,9.87,1,6.2E3,5.1E1,6.2E3,676.6761,676.1000,676.8000,5.7E2,0.07,6.2E3,676.6761,DETECTED,0,8.64,1.56,8.56,9.87,5.1E1,6.2E3,1.26,1,2,,,,,,,UNKNOWN,,,,,,,,,,,,,,,,,UNKNOWN,,,,,,,,,,,,,,,,,UNKNOWN,,,,,,,,,,,,,,,,,UNKNOWN,,,,,,,,,,,,,,,,,UNKNOWN,,,,,,,,,,
26,0,658.2001,658.7000,8.65,3.5E2,8.57,8.73,1,5.2E3,1.4E2,5.2E3,658.6544,658.2001,658.7000,3.5E2,0.07,5.2E3,658.6544,DETECTED,0,8.65,0.99,8.57,8.73,1.4E2,5.2E3,1.00,1,2,,,,,,,UNKNOWN,,,,,,,,,,,,,,,,,UNKNOWN,,,,,,,,,,,,,,,,,UNKNOWN,,,,,,,,,,,,,,,,,UNKNOWN,,,,,,,,,,,,,,,,,UNKNOWN,,,,,,,,,,
27,0,632.3000,632.7012,8.70,4.4E2,4.07,8.78,1,7.0E3,5.0E1,7.0E3,632.4843,632.3000,632.7012,4.4E2,0.07,7.0E3,632.4843,DETECTED,0,8.70,1.04,4.07,8.78,5.0E1,7.0E3,1.02,1,3,,,,,,,UNKNOWN,,,,,,,,,,,,,,,,,UNKNOWN,,,,,,,,,,,,,,,,,UNKNOWN,,,,,,,,,,,,,,,,,UNKNOWN,,,,,,,,,,,,,,,,,UNKNOWN,,,,,,,,,,
28,0,650.2999,651.3000,8.72,6.1E2,7.85,9.81,,7.1E3,5.0E1,7.1E3,650.5466,650.2999,651.3000,6.1E2,0.09,7.1E3,650.5466,DETECTED,0,8.72,0.60,7.85,9.81,5.0E1,7.1E3,,,,,,,,,,UNKNOWN,,,,,,,,,,,,,,,,,UNKNOWN,,,,,,,,,,,,,,,,,UNKNOWN,,,,,,,,,,,,,,,,,UNKNOWN,,,,,,,,,,,,,,,,,UNKNOWN,,,,,,,,,,
29,0,664.3000,664.6271,8.91,3.5E2,8.85,9.08,1,4.9E3,5.2E1,4.9E3,664.5090,664.3000,664.6271,3.5E2,0.07,4.9E3,664.5090,DETECTED,0,8.91,1.41,8.85,9.08,5.2E1,4.9E3,1.27,1,2,,,,,,,UNKNOWN,,,,,,,,,,,,,,,,,UNKNOWN,,,,,,,,,,,,,,,,,UNKNOWN,,,,,,,,,,,,,,,,,UNKNOWN,,,,,,,,,,,,,,,,,UNKNOWN,,,,,,,,,,
30,0,646.1000,646.8713,8.94,6.8E2,0.51,9.17,,8.8E3,5.0E1,8.8E3,646.4647,646.1000,646.8713,6.8E2,0.08,8.8E3,646.4647,DETECTED,0,8.94,0.76,0.51,9.17,5.0E1,8.8E3,0.92,,,,,,,,,UNKNOWN,,,,,,,,,,,,,,,,,UNKNOWN,,,,,,,,,,,,,,,,,UNKNOWN,,,,,,,,,,,,,,,,,UNKNOWN,,,,,,,,,,,,,,,,,UNKNOWN,,,,,,,,,,
31,0,694.0000,694.6000,8.94,5.5E1,3.79,9.39,,6.7E2,5.0E1,6.7E2,694.4571,694.0000,694.6000,5.5E1,0.06,6.7E2,694.4571,DETECTED,0,8.94,5.49,3.79,9.39,5.0E1,6.7E2,0.54,,,,,,,,,UNKNOWN,,,,,,,,,,,,,,,,,UNKNOWN,,,,,,,,,,,,,,,,,UNKNOWN,,,,,,,,,,,,,,,,,UNKNOWN,,,,,,,,,,,,,,,,,UNKNOWN,,,,,,,,,,
32,0,695.9000,696.6000,8.99,6.3E1,0.00,9.07,,1.0E3,5.1E1,1.0E3,696.5446,695.9000,696.6000,6.3E1,0.06,1.0E3,696.5446,DETECTED,0,8.99,0.02,0.00,9.07,5.1E1,1.0E3,0.54,,,,,,,,,UNKNOWN,,,,,,,,,,,,,,,,,UNKNOWN,,,,,,,,,,,,,,,,,UNKNOWN,,,,,,,,,,,,,,,,,UNKNOWN,,,,,,,,,,,,,,,,,UNKNOWN,,,,,,,,,,
33,0,660.2000,661.0000,9.15,3.9E3,8.52,9.48,1,5.4E4,5.1E1,5.4E4,660.5467,660.2000,661.0000,3.9E3,0.07,5.4E4,660.5467,DETECTED,0,9.15,1.15,8.52,9.48,5.1E1,5.4E4,1.05,1,2,,,,,,,UNKNOWN,,,,,,,,,,,,,,,,,UNKNOWN,,,,,,,,,,,,,,,,,UNKNOWN,,,,,,,,,,,,,,,,,UNKNOWN,,,,,,,,,,,,,,,,,UNKNOWN,,,,,,,,,,
34,0,678.3266,678.9044,9.16,2.4E3,9.02,9.24,1,3.5E4,5.0E1,3.5E4,678.4938,678.3266,678.9044,2.4E3,0.06,3.5E4,678.4938,DETECTED,0,9.16,0.79,9.02,9.24,5.0E1,3.5E4,0.90,1,2,,,,,,,UNKNOWN,,,,,,,,,,,,,,,,,UNKNOWN,,,,,,,,,,,,,,,,,UNKNOWN,,,,,,,,,,,,,,,,,UNKNOWN,,,,,,,,,,,,,,,,,UNKNOWN,,,,,,,,,,
35,0,690.5000,690.5989,9.16,1.5E2,8.90,9.20,,2.6E3,5.0E1,2.6E3,690.5975,690.5000,690.5989,1.5E2,0.06,2.6E3,690.5975,DETECTED,0,9.16,0.01,8.90,9.20,5.0E1,2.6E3,0.51,,,,,,,,,UNKNOWN,,,,,,,,,,,,,,,,,UNKNOWN,,,,,,,,,,,,,,,,,UNKNOWN,,,,,,,,,,,,,,,,,UNKNOWN,,,,,,,,,,,,,,,,,UNKNOWN,,,,,,,,,,
36,0,675.4000,675.7000,9.34,3.0E1,0.49,9.39,,4.6E2,5.0E1,4.6E2,675.4273,675.4000,675.7000,3.0E1,0.06,4.6E2,675.4273,DETECTED,0,9.34,0.01,0.49,9.39,5.0E1,4.6E2,0.50,,,,,,,,,UNKNOWN,,,,,,,,,,,,,,,,,UNKNOWN,,,,,,,,,,,,,,,,,UNKNOWN,,,,,,,,,,,,,,,,,UNKNOWN,,,,,,,,,,,,,,,,,UNKNOWN,,,,,,,,,,
37,0,704.1000,704.6998,9.34,4.2E1,9.26,9.53,,5.9E2,5.0E1,5.9E2,704.6425,704.1000,704.6998,4.2E1,0.06,5.9E2,704.6425,DETECTED,0,9.34,4.44,9.26,9.53,5.0E1,5.9E2,2.60,,,,,,,,,UNKNOWN,,,,,,,,,,,,,,,,,UNKNOWN,,,,,,,,,,,,,,,,,UNKNOWN,,,,,,,,,,,,,,,,,UNKNOWN,,,,,,,,,,,,,,,,,UNKNOWN,,,,,,,,,,
38,0,691.9000,693.0000,9.35,1.4E2,0.00,9.43,,1.2E3,5.0E1,1.2E3,692.3848,691.9000,693.0000,1.4E2,3.14,1.2E3,692.3848,DETECTED,0,9.35,0.02,0.00,9.43,5.0E1,1.2E3,0.51,,,,,,,,,UNKNOWN,,,,,,,,,,,,,,,,,UNKNOWN,,,,,,,,,,,,,,,,,UNKNOWN,,,,,,,,,,,,,,,,,UNKNOWN,,,,,,,,,,,,,,,,,UNKNOWN,,,,,,,,,,
39,0,688.5001,688.5986,9.55,7.8E1,8.99,9.60,,6.8E2,1.3E2,6.8E2,688.5517,688.5001,688.5986,7.8E1,0.58,6.8E2,688.5517,DETECTED,0,9.55,1.15,8.99,9.60,1.3E2,6.8E2,0.55,,,,,,,,,UNKNOWN,,,,,,,,,,,,,,,,,UNKNOWN,,,,,,,,,,,,,,,,,UNKNOWN,,,,,,,,,,,,,,,,,UNKNOWN,,,,,,,,,,,,,,,,,UNKNOWN,,,,,,,,,,
40,0,706.4024,706.4067,9.59,8.2E1,9.55,9.64,,1.4E3,5.3E2,1.4E3,706.4044,706.4024,706.4067,8.2E1,0.06,1.4E3,706.4044,DETECTED,0,9.59,1.33,9.55,9.64,5.3E2,1.4E3,1.17,,,,,,,,,UNKNOWN,,,,,,,,,,,,,,,,,UNKNOWN,,,,,,,,,,,,,,,,,UNKNOWN,,,,,,,,,,,,,,,,,UNKNOWN,,,,,,,,,,,,,,,,,UNKNOWN,,,,,,,,,,
41,0,716.4000,716.8782,9.98,3.5E2,9.91,10.00,,1.2E4,5.2E1,1.2E4,716.7756,716.4000,716.8782,3.5E2,0.02,1.2E4,716.7756,DETECTED,0,9.98,0.80,9.91,10.00,5.2E1,1.2E4,0.85,,,,,,,,,UNKNOWN,,,,,,,,,,,,,,,,,UNKNOWN,,,,,,,,,,,,,,,,,UNKNOWN,,,,,,,,,,,,,,,,,UNKNOWN,,,,,,,,,,,,,,,,,UNKNOWN,,,,,,,,,,
42,0,734.1998,734.9000,9.98,3.3E2,9.91,10.00,,1.1E4,6.2E1,1.1E4,734.5342,734.1998,734.9000,3.3E2,0.02,1.1E4,734.5342,DETECTED,0,9.98,0.24,9.91,10.00,6.2E1,1.1E4,0.61,,,,,,,,,UNKNOWN,,,,,,,,,,,,,,,,,UNKNOWN,,,,,,,,,,,,,,,,,UNKNOWN,,,,,,,,,,,,,,,,,UNKNOWN,,,,,,,,,,,,,,,,,UNKNOWN,,,,,,,,,,
43,0,702.4991,702.9004,10.00,1.8E2,0.66,10.00,,1.2E3,5.2E1,1.2E3,702.6693,702.4991,702.9004,1.8E2,0.26,1.2E3,702.6693,DETECTED,0,10.00,,0.66,10.00,5.2E1,1.2E3,0.50,,,,,,,,,UNKNOWN,,,,,,,,,,,,,,,,,UNKNOWN,,,,,,,,,,,,,,,,,UNKNOWN,,,,,,,,,,,,,,,,,UNKNOWN,,,,,,,,,,,,,,,,,UNKNOWN,,,,,,,,,,
44,0,722.2964,722.5000,10.00,5.2E1,8.93,10.00,,2.8E3,5.1E1,2.8E3,722.3610,722.2964,722.5000,5.2E1,1.45,2.8E3,722.3610,DETECTED,0,10.00,,8.93,10.00,5.1E1,2.8E3,0.50,,,,,,,,,UNKNOWN,,,,,,,,,,,,,,,,,UNKNOWN,,,,,,,,,,,,,,,,,UNKNOWN,,,,,,,,,,,,,,,,,UNKNOWN,,,,,,,,,,,,,,,,,UNKNOWN,,,,,,,,,,
45,0,794.5093,794.8000,10.00,5.7E1,8.04,10.00,,5.4E3,1.1E2,5.4E3,794.7328,794.5093,794.8000,5.7E1,4.22,5.4E3,794.7328,DETECTED,0,10.00,,8.04,10.00,1.1E2,5.4E3,0.50,,,,,,,,,UNKNOWN,,,,,,,,,,,,,,,,,UNKNOWN,,,,,,,,,,,,,,,,,UNKNOWN,,,,,,,,,,,,,,,,,UNKNOWN,,,,,,,,,,,,,,,,,UNKNOWN,,,,,,,,,,
46,0,785.0000,785.4000,0.74,1.2E2,0.66,5.16,,1.6E3,5.0E1,1.6E3,785.1996,,,,,,,UNKNOWN,,,,,,,,,,,785.0000,785.4000,1.2E2,0.07,1.6E3,785.1996,DETECTED,0,0.74,57.05,0.66,5.16,5.0E1,1.6E3,28.89,,,,,,,,,UNKNOWN,,,,,,,,,,,,,,,,,UNKNOWN,,,,,,,,,,,,,,,,,UNKNOWN,,,,,,,,,,,,,,,,,UNKNOWN,,,,,,,,,,
47,0,506.1987,506.1999,1.01,6.3E1,0.97,1.06,,1.1E3,2.6E2,1.1E3,506.1995,,,,,,,UNKNOWN,,,,,,,,,,,506.1987,506.1999,6.3E1,0.06,1.1E3,506.1995,DETECTED,0,1.01,1.33,0.97,1.06,2.6E2,1.1E3,1.17,,,,,,,,,UNKNOWN,,,,,,,,,,,,,,,,,UNKNOWN,,,,,,,,,,,,,,,,,UNKNOWN,,,,,,,,,,,,,,,,,UNKNOWN,,,,,,,,,,
48,0,464.0000,464.8000,1.61,1.6E2,1.52,6.68,,2.7E3,5.0E1,2.7E3,464.1779,,,,,,,UNKNOWN,,,,,,,,,,,464.0000,464.8000,1.6E2,0.06,2.7E3,464.1779,DETECTED,0,1.61,0.01,1.52,6.68,5.0E1,2.7E3,0.51,,,,,,,,,UNKNOWN,,,,,,,,,,,,,,,,,UNKNOWN,,,,,,,,,,,,,,,,,UNKNOWN,,,,,,,,,,,,,,,,,UNKNOWN,,,,,,,,,,
49,0,657.0982,657.7000,3.42,2.2E1,3.37,3.93,,3.5E2,5.0E1,3.5E2,657.1522,,,,,,,UNKNOWN,,,,,,,,,,,657.0982,657.7000,2.2E1,0.06,3.5E2,657.1522,DETECTED,0,3.42,17.37,3.37,3.93,5.0E1,3.5E2,5.37,,,,,,,,,UNKNOWN,,,,,,,,,,,,,,,,,UNKNOWN,,,,,,,,,,,,,,,,,UNKNOWN,,,,,,,,,,,,,,,,,UNKNOWN,,,,,,,,,,
50,0,509.9000,510.1000,4.05,8.8E1,0.45,4.10,,1.4E3,5.0E1,1.4E3,509.9076,,,,,,,UNKNOWN,,,,,,,,,,,509.9000,510.1000,8.8E1,0.06,1.4E3,509.9076,DETECTED,0,4.05,0.01,0.45,4.10,5.0E1,1.4E3,0.51,,,,,,,,,UNKNOWN,,,,,,,,,,,,,,,,,UNKNOWN,,,,,,,,,,,,,,,,,UNKNOWN,,,,,,,,,,,,,,,,,UNKNOWN,,,,,,,,,,
51,0,569.4936,569.5002,4.15,2.1E1,4.10,4.19,,3.6E2,1.2E2,3.6E2,569.4993,,,,,,,UNKNOWN,,,,,,,,,,,569.4936,569.5002,2.1E1,0.06,3.6E2,569.4993,DETECTED,0,4.15,0.75,4.10,4.19,1.2E2,3.6E2,0.88,,,,,,,,,UNKNOWN,,,,,,,,,,,,,,,,,UNKNOWN,,,,,,,,,,,,,,,,,UNKNOWN,,,,,,,,,,,,,,,,,UNKNOWN,,,,,,,,,,
52,0,568.0865,568.7000,4.44,2.5E1,3.19,4.49,,3.4E2,5.0E1,3.4E2,568.1764,,,,,,,UNKNOWN,,,,,,,,,,,568.0865,568.7000,2.5E1,0.06,3.4E2,568.1764,DETECTED,0,4.44,0.04,3.19,4.49,5.0E1,3.4E2,0.52,,,,,,,,,UNKNOWN,,,,,,,,,,,,,,,,,UNKNOWN,,,,,,,,,,,,,,,,,UNKNOWN,,,,,,,,,,,,,,,,,UNKNOWN,,,,,,,,,,
53,0,757.5000,757.6016,5.45,1.5E1,5.41,8.41,,2.0E2,5.0E1,2.0E2,757.5821,,,,,,,UNKNOWN,,,,,,,,,,,757.5000,757.6016,1.5E1,0.07,2.0E2,757.5821,DETECTED,0,5.45,76.00,5.41,8.41,5.0E1,2.0E2,38.50,,,,,,,,,UNKNOWN,,,,,,,,,,,,,,,,,UNKNOWN,,,,,,,,,,,,,,,,,UNKNOWN,,,,,,,,,,,,,,,,,UNKNOWN,,,,,,,,,,
54,0,743.2000,743.5733,5.58,9.3E1,4.89,9.85,,7.9E2,5.0E1,7.9E2,743.4660,,,,,,,UNKNOWN,,,,,,,,,,,743.2000,743.5733,9.3E1,0.25,7.9E2,743.4660,DETECTED,0,5.58,0.43,4.89,9.85,5.0E1,7.9E2,2.87,,,,,,,,,UNKNOWN,,,,,,,,,,,,,,,,,UNKNOWN,,,,,,,,,,,,,,,,,UNKNOWN,,,,,,,,,,,,,,,,,UNKNOWN,,,,,,,,,,
55,0,748.0000,748.4446,6.19,2.5E2,3.59,6.49,,3.7E3,5.0E1,3.7E3,748.3224,,,,,,,UNKNOWN,,,,,,,,,,,748.0000,748.4446,2.5E2,0.06,3.7E3,748.3224,DETECTED,0,6.19,0.01,3.59,6.49,5.0E1,3.7E3,0.51,,,,,,,,,UNKNOWN,,,,,,,,,,,,,,,,,UNKNOWN,,,,,,,,,,,,,,,,,UNKNOWN,,,,,,,,,,,,,,,,,UNKNOWN,,,,,,,,,,
56,0,691.5071,691.5104,6.24,2.7E1,6.19,6.28,,4.6E2,1.7E2,4.6E2,691.5091,,,,,,,UNKNOWN,,,,,,,,,,,691.5071,691.5104,2.7E1,0.06,4.6E2,691.5091,DETECTED,0,6.24,0.75,6.19,6.28,1.7E2,4.6E2,0.87,,,,,,,,,UNKNOWN,,,,,,,,,,,,,,,,,UNKNOWN,,,,,,,,,,,,,,,,,UNKNOWN,,,,,,,,,,,,,,,,,UNKNOWN,,,,,,,,,,
57,0,749.4998,749.6979,6.32,1.0E2,6.15,6.36,,1.5E3,1.1E2,1.5E3,749.5356,,,,,,,UNKNOWN,,,,,,,,,,,749.4998,749.6979,1.0E2,0.06,1.5E3,749.5356,DETECTED,0,6.32,0.44,6.15,6.36,1.1E2,1.5E3,0.62,,,,,,,,,UNKNOWN,,,,,,,,,,,,,,,,,UNKNOWN,,,,,,,,,,,,,,,,,UNKNOWN,,,,,,,,,,,,,,,,,UNKNOWN,,,,,,,,,,
58,0,773.6000,774.6818,6.41,8.3E2,5.06,6.60,1,7.3E3,5.1E1,7.3E3,774.4166,,,,,,,UNKNOWN,,,,,,,,,,,773.6000,774.6818,8.3E2,0.12,7.3E3,774.4166,DETECTED,0,6.41,2.70,5.06,6.60,5.1E1,7.3E3,0.52,1,2,,,,,,,UNKNOWN,,,,,,,,,,,,,,,,,UNKNOWN,,,,,,,,,,,,,,,,,UNKNOWN,,,,,,,,,,,,,,,,,UNKNOWN,,,,,,,,,,
59,0,750.0997,750.5225,6.69,1.9E3,4.20,7.04,1,1.7E4,5.0E1,1.7E4,750.4738,,,,,,,UNKNOWN,,,,,,,,,,,750.0997,750.5225,1.9E3,0.10,1.7E4,750.4738,DETECTED,0,6.69,1.32,4.20,7.04,5.0E1,1.7E4,1.14,1,3,,,,,,,UNKNOWN,,,,,,,,,,,,,,,,,UNKNOWN,,,,,,,,,,,,,,,,,UNKNOWN,,,,,,,,,,,,,,,,,UNKNOWN,,,,,,,,,,
60,0,776.3994,776.9000,6.71,2.9E1,5.93,6.88,,3.6E2,5.0E1,3.6E2,776.4879,,,,,,,UNKNOWN,,,,,,,,,,,776.3994,776.9000,2.9E1,0.06,3.6E2,776.4879,DETECTED,0,6.71,1.05,5.93,6.88,5.0E1,3.6E2,0.61,,,,,,,,,UNKNOWN,,,,,,,,,,,,,,,,,UNKNOWN,,,,,,,,,,,,,,,,,UNKNOWN,,,,,,,,,,,,,,,,,UNKNOWN,,,,,,,,,,
61,0,725.6000,726.7202,6.95,5.3E2,4.24,7.50,1,5.0E3,5.0E1,5.0E3,726.4358,,,,,,,UNKNOWN,,,,,,,,,,,725.6000,726.7202,5.3E2,0.11,5.0E3,726.4358,DETECTED,0,6.95,2.20,4.24,7.50,5.0E1,5.0E3,1.51,1,2,,,,,,,UNKNOWN,,,,,,,,,,,,,,,,,UNKNOWN,,,,,,,,,,,,,,,,,UNKNOWN,,,,,,,,,,,,,,,,,UNKNOWN,,,,,,,,,,
62,0,728.4000,729.0000,7.55,2.5E2,1.34,7.69,,2.4E3,5.0E1,2.4E3,728.6046,,,,,,,UNKNOWN,,,,,,,,,,,728.4000,729.0000,2.5E2,0.19,2.4E3,728.6046,DETECTED,0,7.55,1.04,1.34,7.69,5.0E1,2.4E3,0.52,,,,,,,,,UNKNOWN,,,,,,,,,,,,,,,,,UNKNOWN,,,,,,,,,,,,,,,,,UNKNOWN,,,,,,,,,,,,,,,,,UNKNOWN,,,,,,,,,,
63,0,563.8999,564.5000,7.78,1.8E2,5.07,9.37,,3.1E3,5.1E1,3.1E3,563.9184,,,,,,,UNKNOWN,,,,,,,,,,,563.8999,564.5000,1.8E2,0.07,3.1E3,563.9184,DETECTED,0,7.78,1.41,5.07,9.37,5.1E1,3.1E3,1.25,,,,,,,,,UNKNOWN,,,,,,,,,,,,,,,,,UNKNOWN,,,,,,,,,,,,,,,,,UNKNOWN,,,,,,,,,,,,,,,,,UNKNOWN,,,,,,,,,,
64,0,647.8949,648.7000,7.91,6.7E2,0.52,8.98,1,8.6E3,5.0E1,8.6E3,648.5016,,,,,,,UNKNOWN,,,,,,,,,,,647.8949,648.7000,6.7E2,0.06,8.6E3,648.5016,DETECTED,0,7.91,1.67,0.52,8.98,5.0E1,8.6E3,8.05,1,2,,,,,,,UNKNOWN,,,,,,,,,,,,,,,,,UNKNOWN,,,,,,,,,,,,,,,,,UNKNOWN,,,,,,,,,,,,,,,,,UNKNOWN,,,,,,,,,,
65,0,674.1000,675.4013,8.20,2.1E2,6.19,9.43,,1.3E3,5.1E1,1.3E3,674.5850,,,,,,,UNKNOWN,,,,,,,,,,,674.1000,675.4013,2.1E2,1.17,1.3E3,674.5850,DETECTED,0,8.20,0.64,6.19,9.43,5.1E1,1.3E3,0.83,,,,,,,,,UNKNOWN,,,,,,,,,,,,,,,,,UNKNOWN,,,,,,,,,,,,,,,,,UNKNOWN,,,,,,,,,,,,,,,,,UNKNOWN,,,,,,,,,,
66,0,604.1000,604.7993,8.24,1.6E1,4.41,9.99,,2.2E2,5.0E1,2.2E2,604.7071,,,,,,,UNKNOWN,,,,,,,,,,,604.1000,604.7993,1.6E1,0.07,2.2E2,604.7071,DETECTED,0,8.24,0.46,4.41,9.99,5.0E1,2.2E2,0.73,,,,,,,,,UNKNOWN,,,,,,,,,,,,,,,,,UNKNOWN,,,,,,,,,,,,,,,,,UNKNOWN,,,,,,,,,,,,,,,,,UNKNOWN,,,,,,,,,,
67,0,698.3969,698.4000,8.52,2.0E1,8.47,9.99,,3.2E2,5.6E1,3.2E2,698.3990,,,,,,,UNKNOWN,,,,,,,,,,,698.3969,698.4000,2.0E1,0.06,3.2E2,698.3990,DETECTED,0,8.52,27.90,8.47,9.99,5.6E1,3.2E2,14.63,,,,,,,,,UNKNOWN,,,,,,,,,,,,,,,,,UNKNOWN,,,,,,,,,,,,,,,,,UNKNOWN,,,,,,,,,,,,,,,,,UNKNOWN,,,,,,,,,,
68,0,658.1000,658.7864,8.63,6.8E2,8.56,8.77,1,8.7E3,5.1E1,8.7E3,658.6470,,,,,,,UNKNOWN,,,,,,,,,,,658.1000,658.7864,6.8E2,0.08,8.7E3,658.6470,DETECTED,0,8.63,1.38,8.56,8.77,5.1E1,8.7E3,1.12,1,2,,,,,,,UNKNOWN,,,,,,,,,,,,,,,,,UNKNOWN,,,,,,,,,,,,,,,,,UNKNOWN,,,,,,,,,,,,,,,,,UNKNOWN,,,,,,,,,,
69,0,778.5000,778.7000,8.64,4.4E1,6.08,9.17,,3.8E2,5.1E1,3.8E2,778.5989,,,,,,,UNKNOWN,,,,,,,,,,,778.5000,778.7000,4.4E1,0.06,3.8E2,778.5989,DETECTED,0,8.64,0.25,6.08,9.17,5.1E1,3.8E2,0.60,,,,,,,,,UNKNOWN,,,,,,,,,,,,,,,,,UNKNOWN,,,,,,,,,,,,,,,,,UNKNOWN,,,,,,,,,,,,,,,,,UNKNOWN,,,,,,,,,,
70,0,676.0000,676.8005,8.67,5.9E2,7.74,9.98,1,6.8E3,5.0E1,6.8E3,676.4632,,,,,,,UNKNOWN,,,,,,,,,,,676.0000,676.8005,5.9E2,0.07,6.8E3,676.4632,DETECTED,0,8.67,0.72,7.74,9.98,5.0E1,6.8E3,1.68,1,2,,,,,,,UNKNOWN,,,,,,,,,,,,,,,,,UNKNOWN,,,,,,,,,,,,,,,,,UNKNOWN,,,,,,,,,,,,,,,,,UNKNOWN,,,,,,,,,,
71,0,632.2652,632.9000,8.69,5.1E2,5.55,9.68,1,7.2E3,5.0E1,7.2E3,632.5348,,,,,,,UNKNOWN,,,,,,,,,,,632.2652,632.9000,5.1E2,0.06,7.2E3,632.5348,DETECTED,0,8.69,0.02,5.55,9.68,5.0E1,7.2E3,0.51,1,2,,,,,,,UNKNOWN,,,,,,,,,,,,,,,,,UNKNOWN,,,,,,,,,,,,,,,,,UNKNOWN,,,,,,,,,,,,,,,,,UNKNOWN,,,,,,,,,,
72,0,650.2111,650.7000,8.70,4.6E2,8.63,9.44,1,7.1E3,5.1E1,7.1E3,650.6047,,,,,,,UNKNOWN,,,,,,,,,,,650.2111,650.7000,4.6E2,0.06,7.1E3,650.6047,DETECTED,0,8.70,0.83,8.63,9.44,5.1E1,7.1E3,0.92,1,2,,,,,,,UNKNOWN,,,,,,,,,,,,,,,,,UNKNOWN,,,,,,,,,,,,,,,,,UNKNOWN,,,,,,,,,,,,,,,,,UNKNOWN,,,,,,,,,,
73,0,515.0000,515.9000,8.78,1.9E1,3.20,8.83,,2.1E2,5.0E1,2.1E2,515.4975,,,,,,,UNKNOWN,,,,,,,,,,,515.0000,515.9000,1.9E1,0.07,2.1E2,515.4975,DETECTED,0,8.78,0.01,3.20,8.83,5.0E1,2.1E2,0.50,,,,,,,,,UNKNOWN,,,,,,,,,,,,,,,,,UNKNOWN,,,,,,,,,,,,,,,,,UNKNOWN,,,,,,,,,,,,,,,,,UNKNOWN,,,,,,,,,,
74,0,672.5977,672.5989,8.89,6.6E1,8.83,8.93,,1.1E3,4.2E2,1.1E3,672.5983,,,,,,,UNKNOWN,,,,,,,,,,,672.5977,672.5989,6.6E1,0.06,1.1E3,672.5983,DETECTED,0,8.89,0.75,8.83,8.93,4.2E2,1.1E3,0.88,,,,,,,,,UNKNOWN,,,,,,,,,,,,,,,,,UNKNOWN,,,,,,,,,,,,,,,,,UNKNOWN,,,,,,,,,,,,,,,,,UNKNOWN,,,,,,,,,,
75,0,646.4000,647.2918,8.93,5.6E2,7.74,9.00,1,9.2E3,5.1E1,9.2E3,646.6599,,,,,,,UNKNOWN,,,,,,,,,,,646.4000,647.2918,5.6E2,0.06,9.2E3,646.6599,DETECTED,0,8.93,1.00,7.74,9.00,5.1E1,9.2E3,1.01,1,2,,,,,,,UNKNOWN,,,,,,,,,,,,,,,,,UNKNOWN,,,,,,,,,,,,,,,,,UNKNOWN,,,,,,,,,,,,,,,,,UNKNOWN,,,,,,,,,,
76,0,696.2000,696.3029,8.93,1.3E1,8.33,8.96,,1.8E2,5.1E1,1.8E2,696.2853,,,,,,,UNKNOWN,,,,,,,,,,,696.2000,696.3029,1.3E1,0.07,1.8E2,696.2853,DETECTED,0,8.93,0.07,8.33,8.96,5.1E1,1.8E2,0.53,,,,,,,,,UNKNOWN,,,,,,,,,,,,,,,,,UNKNOWN,,,,,,,,,,,,,,,,,UNKNOWN,,,,,,,,,,,,,,,,,UNKNOWN,,,,,,,,,,
77,0,664.3984,664.7000,8.94,6.5E2,8.85,9.00,1,8.9E3,7.3E1,8.9E3,664.5350,,,,,,,UNKNOWN,,,,,,,,,,,664.3984,664.7000,6.5E2,0.07,8.9E3,664.5350,DETECTED,0,8.94,0.78,8.85,9.00,7.3E1,8.9E3,0.87,1,2,,,,,,,UNKNOWN,,,,,,,,,,,,,,,,,UNKNOWN,,,,,,,,,,,,,,,,,UNKNOWN,,,,,,,,,,,,,,,,,UNKNOWN,,,,,,,,,,
78,0,660.1000,660.8000,9.15,2.4E3,7.46,9.25,1,3.7E4,5.0E1,3.7E4,660.5281,,,,,,,UNKNOWN,,,,,,,,,,,660.1000,660.8000,2.4E3,0.06,3.7E4,660.5281,DETECTED,0,9.15,1.36,7.46,9.25,5.0E1,3.7E4,1.17,1,3,,,,,,,UNKNOWN,,,,,,,,,,,,,,,,,UNKNOWN,,,,,,,,,,,,,,,,,UNKNOWN,,,,,,,,,,,,,,,,,UNKNOWN,,,,,,,,,,
79,0,678.5000,679.2000,9.15,2.3E3,0.25,9.28,1,3.6E4,5.0E1,3.6E4,678.6309,,,,,,,UNKNOWN,,,,,,,,,,,678.5000,679.2000,2.3E3,0.06,3.6E4,678.6309,DETECTED,0,9.15,1.19,0.25,9.28,5.0E1,3.6E4,1.09,1,2,,,,,,,UNKNOWN,,,,,,,,,,,,,,,,,UNKNOWN,,,,,,,,,,,,,,,,,UNKNOWN,,,,,,,,,,,,,,,,,UNKNOWN,,,,,,,,,,
80,0,722.6003,722.6988,9.33,5.8E1,9.28,9.38,,9.4E2,1.9E2,9.4E2,722.6730,,,,,,,UNKNOWN,,,,,,,,,,,722.6003,722.6988,5.8E1,0.06,9.4E2,722.6730,DETECTED,0,9.33,1.00,9.28,9.38,1.9E2,9.4E2,1.00,,,,,,,,,UNKNOWN,,,,,,,,,,,,,,,,,UNKNOWN,,,,,,,,,,,,,,,,,UNKNOWN,,,,,,,,,,,,,,,,,UNKNOWN,,,,,,,,,,
81,0,703.8000,705.0000,9.34,4.7E1,5.37,9.39,,7.0E2,5.0E1,7.0E2,704.5025,,,,,,,UNKNOWN,,,,,,,,,,,703.8000,705.0000,4.7E1,0.06,7.0E2,704.5025,DETECTED,0,9.34,0.01,5.37,9.39,5.0E1,7.0E2,0.52,,,,,,,,,UNKNOWN,,,,,,,,,,,,,,,,,UNKNOWN,,,,,,,,,,,,,,,,,UNKNOWN,,,,,,,,,,,,,,,,,UNKNOWN,,,,,,,,,,
82,0,692.6990,693.0000,9.38,8.4E1,3.19,9.90,1,1.3E3,5.0E1,1.3E3,692.7116,,,,,,,UNKNOWN,,,,,,,,,,,692.6990,693.0000,8.4E1,0.06,1.3E3,692.7116,DETECTED,0,9.38,0.24,3.19,9.90,5.0E1,1.3E3,0.56,1,2,,,,,,,UNKNOWN,,,,,,,,,,,,,,,,,UNKNOWN,,,,,,,,,,,,,,,,,UNKNOWN,,,,,,,,,,,,,,,,,UNKNOWN,,,,,,,,,,
83,0,688.4000,688.6999,9.56,1.8E2,9.51,9.90,,3.0E3,5.0E1,3.0E3,688.6916,,,,,,,UNKNOWN,,,,,,,,,,,688.4000,688.6999,1.8E2,0.06,3.0E3,688.6916,DETECTED,0,9.56,191.48,9.51,9.90,5.0E1,3.0E3,40.56,,,,,,,,,UNKNOWN,,,,,,,,,,,,,,,,,UNKNOWN,,,,,,,,,,,,,,,,,UNKNOWN,,,,,,,,,,,,,,,,,UNKNOWN,,,,,,,,,,
84,0,716.2249,716.9083,9.96,3.3E2,9.92,10.00,,9.1E3,1.5E3,9.1E3,716.6395,,,,,,,UNKNOWN,,,,,,,,,,,716.2249,716.9083,3.3E2,0.03,9.1E3,716.6395,DETECTED,0,9.96,1.20,9.92,10.00,1.5E3,9.1E3,1.00,,,,,,,,,UNKNOWN,,,,,,,,,,,,,,,,,UNKNOWN,,,,,,,,,,,,,,,,,UNKNOWN,,,,,,,,,,,,,,,,,UNKNOWN,,,,,,,,,,
85,0,734.4000,734.7721,9.98,2.8E2,9.89,10.00,1,7.6E3,6.2E1,7.6E3,734.7382,,,,,,,UNKNOWN,,,,,,,,,,,734.4000,734.7721,2.8E2,0.03,7.6E3,734.7382,DETECTED,0,9.98,0.17,9.89,10.00,6.2E1,7.6E3,0.58,1,2,,,,,,,UNKNOWN,,,,,,,,,,,,,,,,,UNKNOWN,,,,,,,,,,,,,,,,,UNKNOWN,,,,,,,,,,,,,,,,,UNKNOWN,,,,,,,,,,
86,0,705.6979,706.8000,10.00,2.2E2,8.25,10.00,,4.0E3,5.0E1,4.0E3,706.4381,,,,,,,UNKNOWN,,,,,,,,,,,705.6979,706.8000,2.2E2,0.40,4.0E3,706.4381,DETECTED,0,10.00,,8.25,10.00,5.0E1,4.0E3,0.50,,,,,,,,,UNKNOWN,,,,,,,,,,,,,,,,,UNKNOWN,,,,,,,,,,,,,,,,,UNKNOWN,,,,,,,,,,,,,,,,,UNKNOWN,,,,,,,,,,
87,0,1049.9929,1050.0000,0.71,1.1E1,0.66,0.75,,1.7E2,7.3E1,1.7E2,1049.9963,,,,,,,UNKNOWN,,,,,,,,,,,,,,,,,UNKNOWN,,,,,,,,,,,1049.9929,1050.0000,1.1E1,0.07,1.7E2,1049.9963,DETECTED,0,0.71,0.75,0.66,0.75,7.3E1,1.7E2,0.88,,,,,,,,,UNKNOWN,,,,,,,,,,,,,,,,,UNKNOWN,,,,,,,,,,,,,,,,,UNKNOWN,,,,,,,,,,
88,0,952.5000,953.3000,6.36,1.8E1,6.32,10.01,,2.9E2,5.1E1,2.9E2,952.6220,,,,,,,UNKNOWN,,,,,,,,,,,,,,,,,UNKNOWN,,,,,,,,,,,952.5000,953.3000,1.8E1,0.06,2.9E2,952.6220,DETECTED,0,6.36,3.19,6.32,10.01,5.1E1,2.9E2,47.33,,,,,,,,,UNKNOWN,,,,,,,,,,,,,,,,,UNKNOWN,,,,,,,,,,,,,,,,,UNKNOWN,,,,,,,,,,
89,0,774.3000,774.8000,6.41,1.2E3,6.31,6.56,1,1.1E4,4.7E2,1.1E4,774.4075,,,,,,,UNKNOWN,,,,,,,,,,,,,,,,,UNKNOWN,,,,,,,,,,,774.3000,774.8000,1.2E3,0.11,1.1E4,774.4075,DETECTED,0,6.41,1.43,6.31,6.56,4.7E2,1.1E4,1.24,1,2,,,,,,,UNKNOWN,,,,,,,,,,,,,,,,,UNKNOWN,,,,,,,,,,,,,,,,,UNKNOWN,,,,,,,,,,
90,0,951.5000,952.4000,6.49,2.6E1,6.05,6.54,,3.0E2,5.0E1,3.0E2,951.7215,,,,,,,UNKNOWN,,,,,,,,,,,,,,,,,UNKNOWN,,,,,,,,,,,951.5000,952.4000,2.6E1,0.06,3.0E2,951.7215,DETECTED,0,6.49,0.09,6.05,6.54,5.0E1,3.0E2,0.56,,,,,,,,,UNKNOWN,,,,,,,,,,,,,,,,,UNKNOWN,,,,,,,,,,,,,,,,,UNKNOWN,,,,,,,,,,
91,0,750.0000,750.9384,6.69,3.0E3,5.96,10.00,1,2.6E4,5.0E1,2.6E4,750.6103,,,,,,,UNKNOWN,,,,,,,,,,,,,,,,,UNKNOWN,,,,,,,,,,,750.0000,750.9384,3.0E3,0.09,2.6E4,750.6103,DETECTED,0,6.69,1.45,5.96,10.00,5.0E1,2.6E4,2.51,1,2,,,,,,,UNKNOWN,,,,,,,,,,,,,,,,,UNKNOWN,,,,,,,,,,,,,,,,,UNKNOWN,,,,,,,,,,
92,0,776.4000,776.6998,6.76,1.8E2,6.36,6.80,,2.1E3,5.3E1,2.1E3,776.5989,,,,,,,UNKNOWN,,,,,,,,,,,,,,,,,UNKNOWN,,,,,,,,,,,776.4000,776.6998,1.8E2,0.39,2.1E3,776.5989,DETECTED,0,6.76,0.13,6.36,6.80,5.3E1,2.1E3,0.57,,,,,,,,,UNKNOWN,,,,,,,,,,,,,,,,,UNKNOWN,,,,,,,,,,,,,,,,,UNKNOWN,,,,,,,,,,
93,0,926.8000,927.4000,6.96,2.8E1,6.92,9.67,,3.2E2,5.0E1,3.2E2,927.2418,,,,,,,UNKNOWN,,,,,,,,,,,,,,,,,UNKNOWN,,,,,,,,,,,926.8000,927.4000,2.8E1,0.06,3.2E2,927.2418,DETECTED,0,6.96,62.88,6.92,9.67,5.0E1,3.2E2,35.33,,,,,,,,,UNKNOWN,,,,,,,,,,,,,,,,,UNKNOWN,,,,,,,,,,,,,,,,,UNKNOWN,,,,,,,,,,
94,0,752.3062,753.3000,7.06,6.2E1,6.62,9.84,,6.9E2,5.0E1,6.9E2,752.7453,,,,,,,UNKNOWN,,,,,,,,,,,,,,,,,UNKNOWN,,,,,,,,,,,752.3062,753.3000,6.2E1,0.09,6.9E2,752.7453,DETECTED,0,7.06,6.85,6.62,9.84,5.0E1,6.9E2,0.88,,,,,,,,,UNKNOWN,,,,,,,,,,,,,,,,,UNKNOWN,,,,,,,,,,,,,,,,,UNKNOWN,,,,,,,,,,
95,0,796.4000,796.8000,7.45,8.0E1,7.40,8.08,,1.1E3,5.0E1,1.1E3,796.4991,,,,,,,UNKNOWN,,,,,,,,,,,,,,,,,UNKNOWN,,,,,,,,,,,796.4000,796.8000,8.0E1,0.06,1.1E3,796.4991,DETECTED,0,7.45,2.83,7.40,8.08,5.0E1,1.1E3,1.96,,,,,,,,,UNKNOWN,,,,,,,,,,,,,,,,,UNKNOWN,,,,,,,,,,,,,,,,,UNKNOWN,,,,,,,,,,
96,0,955.4000,955.9000,7.74,6.3E1,7.53,10.01,,5.9E2,5.0E1,5.9E2,955.6031,,,,,,,UNKNOWN,,,,,,,,,,,,,,,,,UNKNOWN,,,,,,,,,,,955.4000,955.9000,6.3E1,0.17,5.9E2,955.6031,DETECTED,0,7.74,2.43,7.53,10.01,5.0E1,5.9E2,0.77,,,,,,,,,UNKNOWN,,,,,,,,,,,,,,,,,UNKNOWN,,,,,,,,,,,,,,,,,UNKNOWN,,,,,,,,,,
97,0,975.4000,975.9000,7.78,8.2E1,6.19,8.62,,1.4E3,5.0E1,1.4E3,975.5976,,,,,,,UNKNOWN,,,,,,,,,,,,,,,,,UNKNOWN,,,,,,,,,,,975.4000,975.9000,8.2E1,0.06,1.4E3,975.5976,DETECTED,0,7.78,1.64,6.19,8.62,5.0E1,1.4E3,0.88,,,,,,,,,UNKNOWN,,,,,,,,,,,,,,,,,UNKNOWN,,,,,,,,,,,,,,,,,UNKNOWN,,,,,,,,,,
98,0,836.6922,836.6953,7.88,8.8E1,7.84,7.93,,1.5E3,5.3E2,1.5E3,836.6937,,,,,,,UNKNOWN,,,,,,,,,,,,,,,,,UNKNOWN,,,,,,,,,,,836.6922,836.6953,8.8E1,0.06,1.5E3,836.6937,DETECTED,0,7.88,1.33,7.84,7.93,5.3E2,1.5E3,1.17,,,,,,,,,UNKNOWN,,,,,,,,,,,,,,,,,UNKNOWN,,,,,,,,,,,,,,,,,UNKNOWN,,,,,,,,,,
99,0,839.4992,839.5006,8.01,3.0E1,7.97,8.06,,5.2E2,1.6E2,5.2E2,839.4997,,,,,,,UNKNOWN,,,,,,,,,,,,,,,,,UNKNOWN,,,,,,,,,,,839.4992,839.5006,3.0E1,0.06,5.2E2,839.4997,DETECTED,0,8.01,1.33,7.97,8.06,1.6E2,5.2E2,1.17,,,,,,,,,UNKNOWN,,,,,,,,,,,,,,,,,UNKNOWN,,,,,,,,,,,,,,,,,UNKNOWN,,,,,,,,,,
100,0,811.8000,812.2975,8.06,3.9E1,7.18,8.11,,6.2E2,5.1E1,6.2E2,812.2543,,,,,,,UNKNOWN,,,,,,,,,,,,,,,,,UNKNOWN,,,,,,,,,,,811.8000,812.2975,3.9E1,0.06,6.2E2,812.2543,DETECTED,0,8.06,0.05,7.18,8.11,5.1E1,6.2E2,0.53,,,,,,,,,UNKNOWN,,,,,,,,,,,,,,,,,UNKNOWN,,,,,,,,,,,,,,,,,UNKNOWN,,,,,,,,,,
101,0,813.5000,814.1000,8.09,4.8E1,8.04,9.14,,7.9E2,5.0E1,7.9E2,813.6193,,,,,,,UNKNOWN,,,,,,,,,,,,,,,,,UNKNOWN,,,,,,,,,,,813.5000,814.1000,4.8E1,0.06,7.9E2,813.6193,DETECTED,0,8.09,28.33,8.04,9.14,5.0E1,7.9E2,10.47,,,,,,,,,UNKNOWN,,,,,,,,,,,,,,,,,UNKNOWN,,,,,,,,,,,,,,,,,UNKNOWN,,,,,,,,,,
102,0,941.6995,941.6996,8.09,4.7E1,8.04,8.13,,8.1E2,2.8E2,8.1E2,941.6995,,,,,,,UNKNOWN,,,,,,,,,,,,,,,,,UNKNOWN,,,,,,,,,,,941.6995,941.6996,4.7E1,0.06,8.1E2,941.6995,DETECTED,0,8.09,0.75,8.04,8.13,2.8E2,8.1E2,0.88,,,,,,,,,UNKNOWN,,,,,,,,,,,,,,,,,UNKNOWN,,,,,,,,,,,,,,,,,UNKNOWN,,,,,,,,,,
103,0,979.7000,980.4000,8.10,3.7E1,6.09,8.67,,5.1E2,5.0E1,5.1E2,979.9268,,,,,,,UNKNOWN,,,,,,,,,,,,,,,,,UNKNOWN,,,,,,,,,,,979.7000,980.4000,3.7E1,0.06,5.1E2,979.9268,DETECTED,0,8.10,0.28,6.09,8.67,5.0E1,5.1E2,0.74,,,,,,,,,UNKNOWN,,,,,,,,,,,,,,,,,UNKNOWN,,,,,,,,,,,,,,,,,UNKNOWN,,,,,,,,,,
104,0,1002.6989,1002.7895,8.23,1.2E2,8.18,8.28,,2.0E3,2.1E2,2.0E3,1002.7805,,,,,,,UNKNOWN,,,,,,,,,,,,,,,,,UNKNOWN,,,,,,,,,,,1002.6989,1002.7895,1.2E2,0.06,2.0E3,1002.7805,DETECTED,0,8.23,1.33,8.18,8.28,2.1E2,2.0E3,1.00,,,,,,,,,UNKNOWN,,,,,,,,,,,,,,,,,UNKNOWN,,,,,,,,,,,,,,,,,UNKNOWN,,,,,,,,,,
105,0,826.6000,826.8000,8.30,3.5E1,8.26,9.98,,5.6E2,5.2E1,5.6E2,826.7022,,,,,,,UNKNOWN,,,,,,,,,,,,,,,,,UNKNOWN,,,,,,,,,,,826.6000,826.8000,3.5E1,0.06,5.6E2,826.7022,DETECTED,0,8.30,1.33,8.26,9.98,5.2E1,5.6E2,3.89,,,,,,,,,UNKNOWN,,,,,,,,,,,,,,,,,UNKNOWN,,,,,,,,,,,,,,,,,UNKNOWN,,,,,,,,,,
106,0,808.6000,808.6961,8.31,2.9E1,8.27,8.56,,4.5E2,5.1E1,4.5E2,808.6850,,,,,,,UNKNOWN,,,,,,,,,,,,,,,,,UNKNOWN,,,,,,,,,,,808.6000,808.6961,2.9E1,0.06,4.5E2,808.6850,DETECTED,0,8.31,4.63,8.27,8.56,5.1E1,4.5E2,3.67,,,,,,,,,UNKNOWN,,,,,,,,,,,,,,,,,UNKNOWN,,,,,,,,,,,,,,,,,UNKNOWN,,,,,,,,,,
107,0,856.4994,856.5000,8.37,9.2E1,8.34,8.44,,1.6E3,5.2E1,1.6E3,856.4994,,,,,,,UNKNOWN,,,,,,,,,,,,,,,,,UNKNOWN,,,,,,,,,,,856.4994,856.5000,9.2E1,0.06,1.6E3,856.4994,DETECTED,0,8.37,1.24,8.34,8.44,5.2E1,1.6E3,1.15,,,,,,,,,UNKNOWN,,,,,,,,,,,,,,,,,UNKNOWN,,,,,,,,,,,,,,,,,UNKNOWN,,,,,,,,,,
108,0,838.2895,838.7962,8.39,4.9E1,7.97,8.44,,6.3E2,7.2E1,6.3E2,838.3584,,,,,,,UNKNOWN,,,,,,,,,,,,,,,,,UNKNOWN,,,,,,,,,,,838.2895,838.7962,4.9E1,0.06,6.3E2,838.3584,DETECTED,0,8.39,0.15,7.97,8.44,7.2E1,6.3E2,0.56,,,,,,,,,UNKNOWN,,,,,,,,,,,,,,,,,UNKNOWN,,,,,,,,,,,,,,,,,UNKNOWN,,,,,,,,,,
109,0,840.6996,840.9982,8.50,1.3E2,8.45,8.57,1,2.1E3,1.9E2,2.1E3,840.7196,,,,,,,UNKNOWN,,,,,,,,,,,,,,,,,UNKNOWN,,,,,,,,,,,840.6996,840.9982,1.3E2,0.06,2.1E3,840.7196,DETECTED,0,8.50,0.99,8.45,8.57,1.9E2,2.1E3,1.03,1,2,,,,,,,UNKNOWN,,,,,,,,,,,,,,,,,UNKNOWN,,,,,,,,,,,,,,,,,UNKNOWN,,,,,,,,,,
110,0,996.7978,996.8001,8.50,2.2E1,8.47,8.56,,3.8E2,1.3E2,3.8E2,996.7993,,,,,,,UNKNOWN,,,,,,,,,,,,,,,,,UNKNOWN,,,,,,,,,,,996.7978,996.8001,2.2E1,0.06,3.8E2,996.7993,DETECTED,0,8.50,1.33,8.47,8.56,1.3E2,3.8E2,1.17,,,,,,,,,UNKNOWN,,,,,,,,,,,,,,,,,UNKNOWN,,,,,,,,,,,,,,,,,UNKNOWN,,,,,,,,,,
111,0,823.0000,824.0000,8.52,1.7E1,5.08,8.59,,1.9E2,5.0E1,1.9E2,823.4389,,,,,,,UNKNOWN,,,,,,,,,,,,,,,,,UNKNOWN,,,,,,,,,,,823.0000,824.0000,1.7E1,0.07,1.9E2,823.4389,DETECTED,0,8.52,0.02,5.08,8.59,5.0E1,1.9E2,0.51,,,,,,,,,UNKNOWN,,,,,,,,,,,,,,,,,UNKNOWN,,,,,,,,,,,,,,,,,UNKNOWN,,,,,,,,,,
112,0,964.5304,964.7000,8.57,3.3E1,3.70,8.62,,5.0E2,5.2E1,5.0E2,964.5638,,,,,,,UNKNOWN,,,,,,,,,,,,,,,,,UNKNOWN,,,,,,,,,,,964.5304,964.7000,3.3E1,0.06,5.0E2,964.5638,DETECTED,0,8.57,0.01,3.70,8.62,5.2E1,5.0E2,0.51,,,,,,,,,UNKNOWN,,,,,,,,,,,,,,,,,UNKNOWN,,,,,,,,,,,,,,,,,UNKNOWN,,,,,,,,,,
113,0,828.7000,829.7000,8.61,1.8E1,2.66,8.65,,2.7E2,5.0E1,2.7E2,829.0148,,,,,,,UNKNOWN,,,,,,,,,,,,,,,,,UNKNOWN,,,,,,,,,,,828.7000,829.7000,1.8E1,0.06,2.7E2,829.0148,DETECTED,0,8.61,0.01,2.66,8.65,5.0E1,2.7E2,0.50,,,,,,,,,UNKNOWN,,,,,,,,,,,,,,,,,UNKNOWN,,,,,,,,,,,,,,,,,UNKNOWN,,,,,,,,,,
114,0,778.3991,779.5000,8.63,6.4E1,0.00,8.93,,6.9E2,5.0E1,6.9E2,778.8074,,,,,,,UNKNOWN,,,,,,,,,,,,,,,,,UNKNOWN,,,,,,,,,,,778.3991,779.5000,6.4E1,0.06,6.9E2,778.8074,DETECTED,0,8.63,0.43,0.00,8.93,5.0E1,6.9E2,0.59,,,,,,,,,UNKNOWN,,,,,,,,,,,,,,,,,UNKNOWN,,,,,,,,,,,,,,,,,UNKNOWN,,,,,,,,,,
115,0,932.9000,933.1000,8.98,2.8E1,7.41,9.53,,3.7E2,5.0E1,3.7E2,933.0743,,,,,,,UNKNOWN,,,,,,,,,,,,,,,,,UNKNOWN,,,,,,,,,,,932.9000,933.1000,2.8E1,0.06,3.7E2,933.0743,DETECTED,0,8.98,0.28,7.41,9.53,5.0E1,3.7E2,0.67,,,,,,,,,UNKNOWN,,,,,,,,,,,,,,,,,UNKNOWN,,,,,,,,,,,,,,,,,UNKNOWN,,,,,,,,,,
116,0,992.5998,992.6000,6.19,1.2E2,6.15,6.24,,2.2E3,5.6E2,2.2E3,992.5998,,,,,,,UNKNOWN,,,,,,,,,,,,,,,,,UNKNOWN,,,,,,,,,,,,,,,,,UNKNOWN,,,,,,,,,,,992.5998,992.6000,1.2E2,0.06,2.2E3,992.5998,DETECTED,0,6.19,1.33,6.15,6.24,5.6E2,2.2E3,1.17,,,,,,,,,UNKNOWN,,,,,,,,,,,,,,,,,UNKNOWN,,,,,,,,,,
117,0,872.8007,872.8016,6.22,1.3E1,6.18,6.27,,2.2E2,8.5E1,2.2E2,872.8009,,,,,,,UNKNOWN,,,,,,,,,,,,,,,,,UNKNOWN,,,,,,,,,,,,,,,,,UNKNOWN,,,,,,,,,,,872.8007,872.8016,1.3E1,0.07,2.2E2,872.8009,DETECTED,0,6.22,1.33,6.18,6.27,8.5E1,2.2E2,1.17,,,,,,,,,UNKNOWN,,,,,,,,,,,,,,,,,UNKNOWN,,,,,,,,,,
118,0,774.1000,774.7000,6.41,1.5E3,6.27,9.13,,1.6E4,5.1E1,1.6E4,774.4449,,,,,,,UNKNOWN,,,,,,,,,,,,,,,,,UNKNOWN,,,,,,,,,,,,,,,,,UNKNOWN,,,,,,,,,,,774.1000,774.7000,1.5E3,0.09,1.6E4,774.4449,DETECTED,0,6.41,1.91,6.27,9.13,5.1E1,1.6E4,1.43,,,,,,,,,UNKNOWN,,,,,,,,,,,,,,,,,UNKNOWN,,,,,,,,,,
119,0,775.2000,775.7000,6.48,4.2E2,3.82,10.01,,3.3E3,5.0E1,3.3E3,775.4259,,,,,,,UNKNOWN,,,,,,,,,,,,,,,,,UNKNOWN,,,,,,,,,,,,,,,,,UNKNOWN,,,,,,,,,,,775.2000,775.7000,4.2E2,0.15,3.3E3,775.4259,DETECTED,0,6.48,31.55,3.82,10.01,5.0E1,3.3E3,15.51,,,,,,,,,UNKNOWN,,,,,,,,,,,,,,,,,UNKNOWN,,,,,,,,,,
120,0,750.1000,750.8000,6.66,4.5E3,6.56,8.14,1,3.2E4,5.1E1,3.2E4,750.4748,,,,,,,UNKNOWN,,,,,,,,,,,,,,,,,UNKNOWN,,,,,,,,,,,,,,,,,UNKNOWN,,,,,,,,,,,750.1000,750.8000,4.5E3,0.14,3.2E4,750.4748,DETECTED,0,6.66,2.25,6.56,8.14,5.1E1,3.2E4,1.64,1,2,,,,,,,UNKNOWN,,,,,,,,,,,,,,,,,UNKNOWN,,,,,,,,,,
121,0,776.1000,776.7000,6.76,1.6E2,6.36,6.99,,1.9E3,5.0E1,1.9E3,776.5215,,,,,,,UNKNOWN,,,,,,,,,,,,,,,,,UNKNOWN,,,,,,,,,,,,,,,,,UNKNOWN,,,,,,,,,,,776.1000,776.7000,1.6E2,0.06,1.9E3,776.5215,DETECTED,0,6.76,1.90,6.36,6.99,5.0E1,1.9E3,1.40,,,,,,,,,UNKNOWN,,,,,,,,,,,,,,,,,UNKNOWN,,,,,,,,,,
122,0,752.3000,752.7000,7.04,3.4E1,7.00,7.32,,4.5E2,5.0E1,4.5E2,752.3519,,,,,,,UNKNOWN,,,,,,,,,,,,,,,,,UNKNOWN,,,,,,,,,,,,,,,,,UNKNOWN,,,,,,,,,,,752.3000,752.7000,3.4E1,0.06,4.5E2,752.3519,DETECTED,0,7.04,2.36,7.00,7.32,5.0E1,4.5E2,4.17,,,,,,,,,UNKNOWN,,,,,,,,,,,,,,,,,UNKNOWN,,,,,,,,,,
123,0,777.8000,778.4997,7.15,7.8E1,4.41,10.00,,1.2E3,5.0E1,1.2E3,778.4470,,,,,,,UNKNOWN,,,,,,,,,,,,,,,,,UNKNOWN,,,,,,,,,,,,,,,,,UNKNOWN,,,,,,,,,,,777.8000,778.4997,7.8E1,0.06,1.2E3,778.4470,DETECTED,0,7.15,0.02,4.41,10.00,5.0E1,1.2E3,1.80,,,,,,,,,UNKNOWN,,,,,,,,,,,,,,,,,UNKNOWN,,,,,,,,,,
124,0,979.9000,980.6000,7.22,1.3E2,7.17,7.36,,2.1E3,5.0E1,2.1E3,980.5926,,,,,,,UNKNOWN,,,,,,,,,,,,,,,,,UNKNOWN,,,,,,,,,,,,,,,,,UNKNOWN,,,,,,,,,,,979.9000,980.6000,1.3E2,0.06,2.1E3,980.5926,DETECTED,0,7.22,3.04,7.17,7.36,5.0E1,2.1E3,1.76,,,,,,,,,UNKNOWN,,,,,,,,,,,,,,,,,UNKNOWN,,,,,,,,,,
125,0,854.6994,854.7008,7.89,1.6E1,7.84,7.93,,2.7E2,9.8E1,2.7E2,854.7005,,,,,,,UNKNOWN,,,,,,,,,,,,,,,,,UNKNOWN,,,,,,,,,,,,,,,,,UNKNOWN,,,,,,,,,,,854.6994,854.7008,1.6E1,0.06,2.7E2,854.7005,DETECTED,0,7.89,0.75,7.84,7.93,9.8E1,2.7E2,0.88,,,,,,,,,UNKNOWN,,,,,,,,,,,,,,,,,UNKNOWN,,,,,,,,,,
126,0,812.6002,813.0000,8.09,1.3E2,8.02,8.17,,2.2E3,5.0E1,2.2E3,812.6060,,,,,,,UNKNOWN,,,,,,,,,,,,,,,,,UNKNOWN,,,,,,,,,,,,,,,,,UNKNOWN,,,,,,,,,,,812.6002,813.0000,1.3E2,0.06,2.2E3,812.6060,DETECTED,0,8.09,175.64,8.02,8.17,5.0E1,2.2E3,30.03,,,,,,,,,UNKNOWN,,,,,,,,,,,,,,,,,UNKNOWN,,,,,,,,,,
127,0,922.4864,923.1000,8.10,1.7E1,0.00,8.14,,2.8E2,5.0E1,2.8E2,922.5166,,,,,,,UNKNOWN,,,,,,,,,,,,,,,,,UNKNOWN,,,,,,,,,,,,,,,,,UNKNOWN,,,,,,,,,,,922.4864,923.1000,1.7E1,0.06,2.8E2,922.5166,DETECTED,0,8.10,0.00,0.00,8.14,5.0E1,2.8E2,0.50,,,,,,,,,UNKNOWN,,,,,,,,,,,,,,,,,UNKNOWN,,,,,,,,,,
128,0,955.3000,955.9001,8.19,3.4E1,7.31,9.50,,3.1E2,5.0E1,3.1E2,955.7547,,,,,,,UNKNOWN,,,,,,,,,,,,,,,,,UNKNOWN,,,,,,,,,,,,,,,,,UNKNOWN,,,,,,,,,,,955.3000,955.9001,3.4E1,0.06,3.1E2,955.7547,DETECTED,0,8.19,1.81,7.31,9.50,5.0E1,3.1E2,1.24,,,,,,,,,UNKNOWN,,,,,,,,,,,,,,,,,UNKNOWN,,,,,,,,,,
129,0,838.4000,838.9049,8.39,3.2E1,7.97,8.44,,4.5E2,5.0E1,4.5E2,838.8530,,,,,,,UNKNOWN,,,,,,,,,,,,,,,,,UNKNOWN,,,,,,,,,,,,,,,,,UNKNOWN,,,,,,,,,,,838.4000,838.9049,3.2E1,0.06,4.5E2,838.8530,DETECTED,0,8.39,0.17,7.97,8.44,5.0E1,4.5E2,0.56,,,,,,,,,UNKNOWN,,,,,,,,,,,,,,,,,UNKNOWN,,,,,,,,,,
130,0,840.5911,840.7976,8.56,4.4E1,8.49,8.59,,7.2E2,1.0E2,7.2E2,840.6384,,,,,,,UNKNOWN,,,,,,,,,,,,,,,,,UNKNOWN,,,,,,,,,,,,,,,,,UNKNOWN,,,,,,,,,,,840.5911,840.7976,4.4E1,0.06,7.2E2,840.6384,DETECTED,0,8.56,0.72,8.49,8.59,1.0E2,7.2E2,0.80,,,,,,,,,UNKNOWN,,,,,,,,,,,,,,,,,UNKNOWN,,,,,,,,,,
131,0,760.4000,760.6998,8.61,5.7E1,5.02,8.66,,9.9E2,5.0E1,9.9E2,760.6962,,,,,,,UNKNOWN,,,,,,,,,,,,,,,,,UNKNOWN,,,,,,,,,,,,,,,,,UNKNOWN,,,,,,,,,,,760.4000,760.6998,5.7E1,0.06,9.9E2,760.6962,DETECTED,0,8.61,0.01,5.02,8.66,5.0E1,9.9E2,0.51,,,,,,,,,UNKNOWN,,,,,,,,,,,,,,,,,UNKNOWN,,,,,,,,,,
132,0,792.6000,792.6001,8.84,4.2E1,8.79,8.88,,7.2E2,2.7E2,7.2E2,792.6001,,,,,,,UNKNOWN,,,,,,,,,,,,,,,,,UNKNOWN,,,,,,,,,,,,,,,,,UNKNOWN,,,,,,,,,,,792.6000,792.6001,4.2E1,0.06,7.2E2,792.6001,DETECTED,0,8.84,0.75,8.79,8.88,2.7E2,7.2E2,0.87,,,,,,,,,UNKNOWN,,,,,,,,,,,,,,,,,UNKNOWN,,,,,,,,,,
133,0,1088.6991,1089.1000,8.89,8.1E1,8.84,9.00,,1.2E3,1.2E2,1.2E3,1089.0426,,,,,,,UNKNOWN,,,,,,,,,,,,,,,,,UNKNOWN,,,,,,,,,,,,,,,,,UNKNOWN,,,,,,,,,,,1088.6991,1089.1000,8.1E1,0.06,1.2E3,1089.0426,DETECTED,0,8.89,1.75,8.84,9.00,1.2E2,1.2E3,1.50,,,,,,,,,UNKNOWN,,,,,,,,,,,,,,,,,UNKNOWN,,,,,,,,,,
134,0,1115.1989,1115.1996,8.91,1.0E2,8.85,8.96,,1.8E3,2.9E2,1.8E3,1115.1993,,,,,,,UNKNOWN,,,,,,,,,,,,,,,,,UNKNOWN,,,,,,,,,,,,,,,,,UNKNOWN,,,,,,,,,,,1115.1989,1115.1996,1.0E2,0.06,1.8E3,1115.1993,DETECTED,0,8.91,0.79,8.85,8.96,2.9E2,1.8E3,1.00,,,,,,,,,UNKNOWN,,,,,,,,,,,,,,,,,UNKNOWN,,,,,,,,,,
135,0,1090.5000,1091.6000,8.98,1.1E2,0.00,9.02,,1.9E3,5.1E1,1.9E3,1091.0961,,,,,,,UNKNOWN,,,,,,,,,,,,,,,,,UNKNOWN,,,,,,,,,,,,,,,,,UNKNOWN,,,,,,,,,,,1090.5000,1091.6000,1.1E2,0.06,1.9E3,1091.0961,DETECTED,0,8.98,0.80,0.00,9.02,5.1E1,1.9E3,0.88,,,,,,,,,UNKNOWN,,,,,,,,,,,,,,,,,UNKNOWN,,,,,,,,,,
136,0,878.5975,878.6000,9.36,1.2E1,9.31,9.40,,1.9E2,8.2E1,1.9E2,878.5982,,,,,,,UNKNOWN,,,,,,,,,,,,,,,,,UNKNOWN,,,,,,,,,,,,,,,,,UNKNOWN,,,,,,,,,,,878.5975,878.6000,1.2E1,0.07,1.9E2,878.5982,DETECTED,0,9.36,0.75,9.31,9.40,8.2E1,1.9E2,0.87,,,,,,,,,UNKNOWN,,,,,,,,,,,,,,,,,UNKNOWN,,,,,,,,,,
137,0,896.7000,896.7855,9.37,4.7E1,9.27,9.41,,7.6E2,5.3E1,7.6E2,896.7788,,,,,,,UNKNOWN,,,,,,,,,,,,,,,,,UNKNOWN,,,,,,,,,,,,,,,,,UNKNOWN,,,,,,,,,,,896.7000,896.7855,4.7E1,0.06,7.6E2,896.7788,DETECTED,0,9.37,0.08,9.27,9.41,5.3E1,7.6E2,0.66,,,,,,,,,UNKNOWN,,,,,,,,,,,,,,,,,UNKNOWN,,,,,,,,,,
138,0,944.7410,945.4002,10.01,2.1E1,6.53,10.01,,7.8E2,1.1E2,7.8E2,945.0097,,,,,,,UNKNOWN,,,,,,,,,,,,,,,,,UNKNOWN,,,,,,,,,,,,,,,,,UNKNOWN,,,,,,,,,,,944.7410,945.4002,2.1E1,3.48,7.8E2,945.0097,DETECTED,0,10.01,,6.53,10.01,1.1E2,7.8E2,0.50,,,,,,,,,UNKNOWN,,,,,,,,,,,,,,,,,UNKNOWN,,,,,,,,,,
139,0,956.2000,956.8000,10.01,2.0E1,0.00,10.01,,4.9E2,5.0E1,4.9E2,956.6458,,,,,,,UNKNOWN,,,,,,,,,,,,,,,,,UNKNOWN,,,,,,,,,,,,,,,,,UNKNOWN,,,,,,,,,,,956.2000,956.8000,2.0E1,0.83,4.9E2,956.6458,DETECTED,0,10.01,,0.00,10.01,5.0E1,4.9E2,0.50,,,,,,,,,UNKNOWN,,,,,,,,,,,,,,,,,UNKNOWN,,,,,,,,,,
140,0,1444.7000,1444.9272,2.52,6.8E1,2.46,2.57,,1.1E3,8.0E1,1.1E3,1444.9115,,,,,,,UNKNOWN,,,,,,,,,,,,,,,,,UNKNOWN,,,,,,,,,,,,,,,,,UNKNOWN,,,,,,,,,,,,,,,,,UNKNOWN,,,,,,,,,,,1444.7000,1444.9272,6.8E1,0.06,1.1E3,1444.9115,DETECTED,0,2.52,1.06,2.46,2.57,8.0E1,1.1E3,0.98,,,,,,,,,UNKNOWN,,,,,,,,,,
141,0,1154.9891,1154.9949,3.85,6.1E1,3.79,3.90,,1.0E3,2.1E2,1.0E3,1154.9914,,,,,,,UNKNOWN,,,,,,,,,,,,,,,,,UNKNOWN,,,,,,,,,,,,,,,,,UNKNOWN,,,,,,,,,,,,,,,,,UNKNOWN,,,,,,,,,,,1154.9891,1154.9949,6.1E1,0.06,1.0E3,1154.9914,DETECTED,0,3.85,1.00,3.79,3.90,2.1E2,1.0E3,1.00,,,,,,,,,UNKNOWN,,,,,,,,,,
142,0,1182.6996,1182.7012,4.60,1.2E2,4.55,4.64,1,2.1E3,5.7E2,2.1E3,1182.7004,,,,,,,UNKNOWN,,,,,,,,,,,,,,,,,UNKNOWN,,,,,,,,,,,,,,,,,UNKNOWN,,,,,,,,,,,,,,,,,UNKNOWN,,,,,,,,,,,1182.6996,1182.7012,1.2E2,0.06,2.1E3,1182.7004,DETECTED,0,4.60,0.75,4.55,4.64,5.7E2,2.1E3,0.87,1,2,,,,,,,UNKNOWN,,,,,,,,,,
143,0,1209.5925,1210.2000,5.17,1.5E1,0.56,5.21,,2.2E2,5.0E1,2.2E2,1209.6516,,,,,,,UNKNOWN,,,,,,,,,,,,,,,,,UNKNOWN,,,,,,,,,,,,,,,,,UNKNOWN,,,,,,,,,,,,,,,,,UNKNOWN,,,,,,,,,,,1209.5925,1210.2000,1.5E1,0.07,2.2E2,1209.6516,DETECTED,0,5.17,0.01,0.56,5.21,5.0E1,2.2E2,0.50,,,,,,,,,UNKNOWN,,,,,,,,,,
144,0,1261.8000,1262.1998,5.30,5.6E1,5.25,9.99,,9.5E2,5.1E1,9.5E2,1262.1876,,,,,,,UNKNOWN,,,,,,,,,,,,,,,,,UNKNOWN,,,,,,,,,,,,,,,,,UNKNOWN,,,,,,,,,,,,,,,,,UNKNOWN,,,,,,,,,,,1261.8000,1262.1998,5.6E1,0.06,9.5E2,1262.1876,DETECTED,0,5.30,90.08,5.25,9.99,5.1E1,9.5E2,45.25,,,,,,,,,UNKNOWN,,,,,,,,,,
145,0,1253.8000,1254.1001,5.55,6.0E1,5.09,5.82,,8.8E2,5.0E1,8.8E2,1254.0634,,,,,,,UNKNOWN,,,,,,,,,,,,,,,,,UNKNOWN,,,,,,,,,,,,,,,,,UNKNOWN,,,,,,,,,,,,,,,,,UNKNOWN,,,,,,,,,,,1253.8000,1254.1001,6.0E1,0.06,8.8E2,1254.0634,DETECTED,0,5.55,14.82,5.09,5.82,5.0E1,8.8E2,0.68,,,,,,,,,UNKNOWN,,,,,,,,,,
146,0,1263.5000,1263.9995,5.63,9.6E1,0.00,5.73,,8.9E2,5.1E1,8.9E2,1263.9457,,,,,,,UNKNOWN,,,,,,,,,,,,,,,,,UNKNOWN,,,,,,,,,,,,,,,,,UNKNOWN,,,,,,,,,,,,,,,,,UNKNOWN,,,,,,,,,,,1263.5000,1263.9995,9.6E1,0.12,8.9E2,1263.9457,DETECTED,0,5.63,0.02,0.00,5.73,5.1E1,8.9E2,0.51,,,,,,,,,UNKNOWN,,,,,,,,,,
147,0,1265.5394,1266.0963,5.65,4.5E1,5.60,6.11,,4.4E2,9.0E1,4.4E2,1265.6087,,,,,,,UNKNOWN,,,,,,,,,,,,,,,,,UNKNOWN,,,,,,,,,,,,,,,,,UNKNOWN,,,,,,,,,,,,,,,,,UNKNOWN,,,,,,,,,,,1265.5394,1266.0963,4.5E1,0.06,4.4E2,1265.6087,DETECTED,0,5.65,8.75,5.60,6.11,9.0E1,4.4E2,4.87,,,,,,,,,UNKNOWN,,,,,,,,,,
148,0,1153.1000,1153.7995,3.86,6.3E1,3.79,10.01,1,8.0E2,5.1E1,8.0E2,1153.7493,,,,,,,UNKNOWN,,,,,,,,,,,,,,,,,UNKNOWN,,,,,,,,,,,,,,,,,UNKNOWN,,,,,,,,,,,,,,,,,UNKNOWN,,,,,,,,,,,,,,,,,UNKNOWN,,,,,,,,,,,1153.1000,1153.7995,6.3E1,0.07,8.0E2,1153.7493,DETECTED,0,3.86,1.10,3.79,10.01,5.1E1,8.0E2,34.78,1,2
149,0,1181.5000,1182.1003,4.61,2.7E1,4.57,9.62,,4.2E2,5.0E1,4.2E2,1182.0551,,,,,,,UNKNOWN,,,,,,,,,,,,,,,,,UNKNOWN,,,,,,,,,,,,,,,,,UNKNOWN,,,,,,,,,,,,,,,,,UNKNOWN,,,,,,,,,,,,,,,,,UNKNOWN,,,,,,,,,,,1181.5000,1182.1003,2.7E1,0.06,4.2E2,1182.0551,DETECTED,0,4.61,132.27,4.57,9.62,5.0E1,4.2E2,64.66,,
150,0,1227.5950,1227.5955,4.98,1.6E1,4.94,5.03,,2.7E2,9.8E1,2.7E2,1227.5954,,,,,,,UNKNOWN,,,,,,,,,,,,,,,,,UNKNOWN,,,,,,,,,,,,,,,,,UNKNOWN,,,,,,,,,,,,,,,,,UNKNOWN,,,,,,,,,,,,,,,,,UNKNOWN,,,,,,,,,,,1227.5950,1227.5955,1.6E1,0.06,2.7E2,1227.5954,DETECTED,0,4.98,1.33,4.94,5.03,9.8E1,2.7E2,1.17,,
151,0,1255.0994,1255.0998,5.51,5.6E1,5.47,5.56,,9.7E2,2.6E2,9.7E2,1255.0997,,,,,,,UNKNOWN,,,,,,,,,,,,,,,,,UNKNOWN,,,,,,,,,,,,,,,,,UNKNOWN,,,,,,,,,,,,,,,,,UNKNOWN,,,,,,,,,,,,,,,,,UNKNOWN,,,,,,,,,,,1255.0994,1255.0998,5.6E1,0.06,9.7E2,1255.0997,DETECTED,0,5.51,1.33,5.47,5.56,2.6E2,9.7E2,1.17,,
152,0,1253.1000,1253.8000,5.57,9.7E1,0.60,5.87,,1.5E3,5.0E1,1.5E3,1253.7360,,,,,,,UNKNOWN,,,,,,,,,,,,,,,,,UNKNOWN,,,,,,,,,,,,,,,,,UNKNOWN,,,,,,,,,,,,,,,,,UNKNOWN,,,,,,,,,,,,,,,,,UNKNOWN,,,,,,,,,,,1253.1000,1253.8000,9.7E1,0.06,1.5E3,1253.7360,DETECTED,0,5.57,0.40,0.60,5.87,5.0E1,1.5E3,0.57,,
153,0,1238.9065,1239.2000,5.61,2.6E1,5.56,5.68,,4.2E2,5.1E1,4.2E2,1238.9254,,,,,,,UNKNOWN,,,,,,,,,,,,,,,,,UNKNOWN,,,,,,,,,,,,,,,,,UNKNOWN,,,,,,,,,,,,,,,,,UNKNOWN,,,,,,,,,,,,,,,,,UNKNOWN,,,,,,,,,,,1238.9065,1239.2000,2.6E1,0.06,4.2E2,1238.9254,DETECTED,0,5.61,3.69,5.56,5.68,5.1E1,4.2E2,1.12,,
154,0,1263.6997,1263.9000,5.64,1.1E2,5.55,5.69,,1.8E3,7.3E1,1.8E3,1263.7132,,,,,,,UNKNOWN,,,,,,,,,,,,,,,,,UNKNOWN,,,,,,,,,,,,,,,,,UNKNOWN,,,,,,,,,,,,,,,,,UNKNOWN,,,,,,,,,,,,,,,,,UNKNOWN,,,,,,,,,,,1263.6997,1263.9000,1.1E2,0.06,1.8E3,1263.7132,DETECTED,0,5.64,1.35,5.55,5.69,7.3E1,1.8E3,0.85,,
155,0,1269.3985,1269.8000,5.76,9.7E1,0.00,5.81,,1.6E3,5.0E1,1.6E3,1269.4151,,,,,,,UNKNOWN,,,,,,,,,,,,,,,,,UNKNOWN,,,,,,,,,,,,,,,,,UNKNOWN,,,,,,,,,,,,,,,,,UNKNOWN,,,,,,,,,,,,,,,,,UNKNOWN,,,,,,,,,,,1269.3985,1269.8000,9.7E1,0.06,1.6E3,1269.4151,DETECTED,0,5.76,0.02,0.00,5.81,5.0E1,1.6E3,0.53,,
156,0,1282.0993,1282.2000,6.02,1.5E1,5.91,6.07,,1.7E2,5.5E1,1.7E2,1282.1270,,,,,,,UNKNOWN,,,,,,,,,,,,,,,,,UNKNOWN,,,,,,,,,,,,,,,,,UNKNOWN,,,,,,,,,,,,,,,,,UNKNOWN,,,,,,,,,,,,,,,,,UNKNOWN,,,,,,,,,,,1282.0993,1282.2000,1.5E1,0.48,1.7E2,1282.1270,DETECTED,0,6.02,0.50,5.91,6.07,5.5E1,1.7E2,0.75,,
157,0,1266.0000,1266.2998,6.06,6.6E1,5.42,6.11,,1.0E3,5.0E1,1.0E3,1266.2755,,,,,,,UNKNOWN,,,,,,,,,,,,,,,,,UNKNOWN,,,,,,,,,,,,,,,,,UNKNOWN,,,,,,,,,,,,,,,,,UNKNOWN,,,,,,,,,,,,,,,,,UNKNOWN,,,,,,,,,,,1266.0000,1266.2998,6.6E1,0.06,1.0E3,1266.2755,DETECTED,0,6.06,1.37,5.42,6.11,5.0E1,1.0E3,0.54,,
